fsa,total_private_dwellings,occupied_by_type_total,single_detached,semi_detached,row_house,apt_duplex,apt_lt5,apt_5plus,other_single_attached,movable,median_income
A0A,26102,19750,18155,375,320,495,260,5,25,120,67000
A0B,13265,9100,8625,80,100,65,145,0,10,75,60400
A0C,8069,5610,5240,55,70,75,130,0,10,25,55200
A0E,12623,9740,8785,140,260,265,205,0,15,70,60000
A0G,21177,14990,13935,365,190,130,235,0,20,115,57600
A0H,10841,7605,6735,255,315,115,105,0,10,70,58800
A0J,4696,3430,2980,60,185,75,90,0,5,30,58400
A0K,14914,11015,10300,125,150,100,205,0,20,115,66500
A0L,3871,3260,2995,20,85,135,20,0,0,5,73000
A0M,2958,2540,2290,40,0,75,120,0,15,0,63200
A0N,7581,5980,5660,70,45,60,65,5,10,60,49200
A0P,5176,4660,3380,570,385,155,140,0,10,25,99000
A0R,1401,1060,615,80,215,0,90,0,0,55,155000
A1A,13520,12670,6955,360,815,2765,1555,200,10,5,88000
A1B,10326,9075,3055,695,820,3195,1180,120,15,0,70000
A1C,7562,6640,1560,585,1825,740,1860,20,50,5,59200
A1E,14123,12835,4455,885,1440,4045,1775,195,35,0,66000
A1G,2741,2545,1235,120,155,880,150,0,5,5,79000
A1H,2530,2440,1440,285,30,665,0,0,0,15,132000
A1K,4968,4670,3955,55,25,585,40,10,0,5,111000
A1L,9332,8815,5780,125,65,2775,65,0,5,0,111000
A1M,3354,3165,2765,35,5,335,20,0,0,5,114000
A1N,10686,9930,4505,740,925,3415,335,0,10,0,81000
A1S,2557,2435,1740,60,30,495,20,0,5,85,89000
A1V,5429,5075,3350,345,285,470,595,15,0,5,80000
A1W,4668,4435,3325,30,50,970,50,0,5,0,100000
A1X,6676,6260,4850,95,55,1120,125,0,15,5,90000
A1Y,2745,2430,2110,55,85,25,150,0,5,0,58000
A2A,4406,4095,2575,220,440,435,405,0,15,0,71000
A2B,2293,2100,1440,150,100,315,95,0,0,0,56000
A2H,12658,11325,7635,430,350,1805,1030,5,60,15,68000
A2N,4349,4055,2540,435,500,50,340,130,10,45,54800
A2V,3387,3090,1570,515,335,15,310,95,0,245,147000
A5A,4161,3575,2545,105,75,580,240,5,0,20,70000
A8A,4039,2865,2340,145,50,75,185,0,5,60,62000
B0C,1808,1235,1075,10,0,10,10,0,10,120,68000
B0E,14977,11615,9945,170,10,155,620,0,20,695,62800
B0H,5595,4410,3780,25,5,15,125,0,10,460,63200
B0J,23424,18780,16590,370,205,220,685,5,40,655,68500
B0K,20031,15905,12815,445,495,275,890,5,25,945,63600
B0L,1435,1080,970,15,0,5,45,0,0,45,57600
B0M,10120,7840,6765,105,100,125,415,0,10,320,59200
B0N,19211,17415,14330,335,110,230,1040,10,30,1325,70500
B0P,19438,17645,14500,1145,355,240,805,5,35,560,71000
B0R,3802,2820,2645,25,10,10,50,0,5,75,60800
B0S,10114,8445,7075,225,295,75,660,0,10,110,54400
B0T,9297,6955,5880,120,55,80,455,5,15,350,56800
B0V,3152,2750,2135,50,55,50,410,0,5,55,51600
B0W,13895,11885,11040,70,55,115,375,0,5,230,64500
B1A,7320,6760,4740,930,125,315,630,5,10,10,57200
B1B,673,575,490,5,0,0,20,0,0,60,66000
B1C,914,785,705,5,5,15,10,0,0,45,73500
B1E,754,690,575,35,5,20,25,0,0,20,63200
B1G,925,845,600,105,20,30,50,0,5,35,57600
B1H,4580,4275,3215,490,90,65,330,0,15,75,56800
B1J,893,570,515,0,5,5,0,0,0,40,72000
B1K,2100,1500,1425,10,0,20,20,0,0,40,77500
B1L,2140,2050,1735,25,0,30,15,0,0,250,86000
B1M,537,515,445,15,0,5,10,0,0,40,88000
B1N,2670,2490,1880,255,35,125,160,0,0,40,55200
B1P,7580,6985,3990,475,240,520,1525,135,15,85,54800
B1R,1967,1895,1635,80,20,75,70,0,5,0,83000
B1S,3977,3785,2415,115,70,215,900,75,5,0,65500
B1T,332,200,195,0,0,0,0,0,0,5,65000
B1V,2928,2730,2015,90,120,115,215,0,0,180,58800
B1W,1138,1080,840,40,10,100,65,0,5,15,49200
B1X,607,415,385,0,0,0,5,0,0,15,76000
B1Y,2906,2635,2300,50,5,50,60,0,0,175,70000
B2A,3725,3460,2580,125,20,205,450,0,10,65,60400
B2C,174,135,115,0,0,0,10,0,0,5,60000
B2E,129,35,30,0,0,0,0,0,0,5,
B2G,7934,6710,4145,115,130,445,880,25,10,960,72000
B2H,7692,7050,4755,350,175,160,1345,5,5,245,63600
B2J,83,35,30,0,0,0,0,0,0,5,
B2N,10374,9895,4660,415,120,840,3300,5,45,520,57600
B2R,1058,1030,930,20,0,35,35,5,0,0,114000
B2S,3261,3155,2450,235,90,75,230,0,0,70,92000
B2T,6811,6610,5710,100,80,185,380,0,10,140,117000
B2V,4734,4665,3535,455,10,55,615,0,0,0,108000
B2W,14027,13760,7835,1930,980,195,2020,565,5,235,89000
B2X,5070,4925,2975,685,155,115,755,240,0,5,90000
B2Y,8312,7915,2245,590,240,505,3295,860,15,160,66500
B2Z,3378,3260,3120,25,5,25,15,0,5,60,101000
B3A,11978,11490,2995,280,375,425,5955,1425,0,35,58000
B3B,575,565,15,0,255,5,250,45,0,0,75500
B3E,2981,2880,2690,10,50,20,30,0,0,85,93000
B3G,4519,4430,2250,1510,60,85,110,0,5,405,92000
B3H,11609,10155,2165,55,60,635,3045,4175,20,0,59600
B3J,6130,5255,30,40,45,45,1040,4060,5,0,60800
B3K,12798,12000,1840,360,1280,990,3635,3830,60,0,66500
B3L,8823,8410,3310,150,375,1010,2035,1490,25,0,72500
B3M,17491,16980,3385,790,1050,205,7680,3730,0,135,70000
B3N,7389,7030,2465,580,195,560,1980,1240,0,5,75000
B3P,4881,4705,2255,430,520,240,745,515,0,0,85000
B3R,4323,4155,1585,550,250,280,1400,0,10,80,60000
B3S,6431,6285,625,235,150,0,1535,3735,0,0,74500
B3T,7098,6840,5020,1030,100,105,355,0,0,230,100000
B3V,2615,2510,2210,15,0,35,35,0,5,210,94000
B3Z,7150,6715,6500,50,10,65,25,0,5,55,115000
B4A,7719,7460,3975,485,520,125,1700,640,0,0,98000
B4B,7566,7075,4320,110,315,75,135,1755,5,355,116000
B4C,7743,7580,4400,1120,115,300,1375,0,0,280,82000
B4E,7752,7610,4650,740,210,190,510,0,5,1305,97000
B4G,1941,1905,1830,25,0,30,0,0,0,20,113000
B4H,7582,6380,3885,215,220,390,1010,0,95,570,59600
B4N,8462,8125,4895,680,50,485,1655,0,20,345,64000
B4P,4636,4040,2250,190,125,130,1295,5,10,40,64500
B4R,1198,1175,965,80,25,20,15,10,0,60,84000
B4V,10281,9310,6565,245,100,140,1300,35,20,905,65500
B5A,8573,7620,5425,455,205,230,1190,5,10,100,58000
B6L,5596,5355,4450,185,25,120,185,0,5,380,81000
B9A,2165,1975,1270,105,10,75,325,0,0,190,69000
C0A,24365,19415,16095,545,690,195,830,0,25,1030,77500
C0B,15557,12415,10305,450,470,65,520,5,25,580,73500
C1A,13091,12070,4550,1095,435,475,5375,40,20,85,60400
C1B,6275,5795,4115,405,170,35,895,40,0,130,90000
C1C,2308,2220,1150,275,30,45,535,5,5,175,77000
C1E,5122,4845,3445,240,125,55,815,0,10,160,84000
C1N,8216,7810,4185,630,755,260,1405,40,10,525,65000
E1A,21632,20540,9405,2550,1220,1120,5475,375,40,350,78000
E1B,8797,8650,5500,690,480,160,1360,70,0,385,79500
E1C,13511,12465,3940,690,230,1360,5790,385,55,0,53600
E1E,5578,5340,2635,810,80,200,850,465,5,290,71500
E1G,9625,9365,5995,2015,115,265,785,0,10,165,95000
E1H,3463,3380,2045,50,20,35,75,0,5,1145,77500
E1J,1493,1455,1335,20,0,25,0,0,0,70,95000
E1N,5519,5080,3735,290,30,100,590,0,15,320,66000
E1V,6533,6095,4560,120,20,90,845,0,5,455,68500
E1W,3616,3285,2665,55,50,60,255,5,40,145,62400
E1X,6648,6260,4650,335,65,165,770,0,25,245,61600
E2A,9041,8160,5525,260,430,540,1250,0,30,125,59200
E2E,7799,7605,6005,135,285,280,890,0,0,0,107000
E2G,2121,2080,1480,5,0,85,80,0,5,430,101000
E2H,1971,1910,1470,15,15,110,220,0,0,85,87000
E2J,7698,7420,3260,345,420,760,1300,1040,10,270,62000
E2K,8968,8300,2175,310,895,855,3520,470,15,60,58000
E2L,5228,4595,130,60,155,290,3270,635,60,5,44800
E2M,8653,8255,4595,305,445,1085,1635,0,30,165,73500
E2N,1772,1725,1505,10,0,65,5,0,5,135,89000
E2P,570,555,535,0,0,15,10,0,0,0,77000
E2R,5,0,0,0,0,0,0,0,0,0,
E2S,2831,2730,2390,0,0,100,40,0,0,190,90000
E2V,6091,5780,4000,375,480,45,555,45,5,285,89000
E3A,13097,12700,7385,365,590,1030,3095,30,30,175,74000
E3B,18861,17820,7205,340,385,1350,6035,385,140,1975,74500
E3C,5018,4905,3475,80,85,185,810,0,5,270,102000
E3E,1808,1770,1620,15,10,40,25,0,0,65,102000
E3G,3632,3565,2595,110,215,130,75,0,0,435,92000
E3L,4141,3755,2735,130,45,40,560,0,30,220,62000
E3N,6640,6185,4140,135,245,315,1060,0,100,185,56000
E3V,6094,5735,3170,270,215,460,1345,120,30,135,55600
E3Y,3233,3100,2365,120,135,110,320,0,15,45,67000
E3Z,1985,1860,1230,50,120,35,320,5,25,80,62800
E4A,1752,1470,1330,10,5,5,40,0,5,70,54800
E4B,2549,2000,1720,45,15,20,75,0,5,120,58000
E4C,1840,1120,1025,5,0,0,10,0,0,75,62800
E4E,4430,4085,2755,175,135,85,615,5,15,295,61200
E4G,1178,1105,1015,5,0,5,20,0,0,70,71500
E4H,2087,1855,1665,10,30,20,80,0,5,55,62800
E4J,2141,2060,1730,20,45,35,90,0,0,140,71000
E4K,2602,2500,2150,20,20,65,105,0,25,105,78000
E4L,3785,3360,2395,70,105,115,615,0,0,70,69000
E4M,1466,900,840,5,0,0,5,0,10,40,56800
E4N,1888,1640,1295,35,30,25,165,0,5,75,75000
E4P,8020,6930,5075,245,130,140,940,155,10,235,74500
E4R,4013,3085,2785,50,5,30,115,0,5,95,78000
E4S,3645,3205,2585,85,35,80,290,0,20,115,67000
E4T,1138,990,925,5,0,0,10,0,0,45,58000
E4V,2031,1870,1495,50,50,50,180,0,5,35,77500
E4W,4195,3735,3020,85,85,95,295,0,5,150,60400
E4X,1435,1340,1125,20,50,25,80,0,5,30,62000
E4Y,1526,1395,1160,20,35,15,110,0,5,55,54400
E4Z,2803,2460,2230,20,35,20,85,0,5,65,64000
E5A,826,720,660,0,0,5,5,0,0,50,61600
E5B,1808,1505,1270,10,30,25,120,0,5,35,73000
E5C,2146,1875,1525,15,5,30,120,0,0,180,72500
E5E,612,420,420,0,0,5,0,0,0,0,66000
E5G,1514,1250,1110,25,10,25,45,0,0,25,76500
E5H,1326,1225,1035,50,20,5,25,0,0,80,67500
E5J,1122,945,885,0,0,10,10,0,0,35,74000
E5K,3047,2910,2560,20,10,100,110,10,0,95,93000
E5L,1337,1230,1050,10,10,0,20,0,0,140,67000
E5M,1079,945,895,5,10,0,5,0,5,25,66000
E5N,5222,4895,4255,60,95,85,165,0,5,235,83000
E5P,1113,1030,955,10,5,20,10,0,0,35,72000
E5R,785,690,635,0,0,10,10,0,0,30,65500
E5S,1002,835,810,5,0,5,0,0,0,25,77000
E5T,1739,1305,1180,10,0,5,35,0,0,70,66500
E5V,475,345,320,0,0,0,15,0,0,10,60400
E6A,608,515,490,5,10,0,10,0,5,5,62000
E6B,740,660,605,5,0,0,15,0,0,30,61200
E6C,952,885,750,5,0,5,0,0,0,125,73500
E6E,770,665,610,0,0,5,25,0,0,30,61200
E6G,1348,1185,1035,15,5,5,60,0,0,65,72000
E6H,906,570,545,0,0,0,0,0,0,20,65500
E6J,645,570,530,10,0,10,10,0,0,5,55200
E6K,2241,1790,1665,0,0,5,45,0,0,75,74000
E6L,2104,1980,1785,5,5,35,25,0,0,120,73500
E7A,1949,1725,1335,50,100,45,155,5,10,20,63200
E7B,2609,2485,2010,50,35,45,145,0,10,195,71500
E7C,2406,2315,1870,45,20,115,240,0,5,30,62800
E7E,1949,1830,1535,45,40,30,145,0,5,30,62000
E7G,1970,1660,1495,10,30,15,100,0,0,15,57200
E7H,2727,2455,2055,55,75,30,170,0,20,55,54800
E7J,904,835,725,25,15,0,40,0,0,25,63200
E7K,1074,1030,835,10,20,20,60,10,0,75,64000
E7L,2389,2170,1870,45,20,25,155,0,5,60,66500
E7M,4672,4450,3020,90,110,145,790,0,20,280,65000
E7N,1419,1245,1115,45,0,0,45,0,0,40,73000
E7P,1537,1435,1215,10,30,30,110,10,5,35,67500
E8A,1702,1610,1270,60,50,65,130,0,30,10,64000
E8B,1107,1055,900,15,55,5,75,0,0,10,58400
E8C,1884,1720,1285,40,30,65,285,0,5,5,54800
E8E,2486,2305,2020,10,45,50,80,0,15,80,67500
E8G,1469,1290,1185,15,15,5,45,0,5,20,46000
E8J,2663,2495,2000,125,145,80,90,0,20,35,66500
E8K,4193,3920,2925,130,195,200,265,0,35,165,67500
E8L,1070,1020,955,15,0,10,15,0,5,20,58400
E8M,980,925,795,15,10,10,75,0,0,20,56400
E8N,1454,1210,1065,45,15,25,35,0,0,25,50000
E8P,1680,1520,1405,25,0,15,55,0,0,25,63200
E8R,1586,1445,1230,40,55,20,60,0,0,40,53200
E8S,2299,2065,1620,30,15,35,325,0,10,35,63200
E8T,3016,2670,2385,50,30,35,85,0,10,75,60400
E9A,1149,1025,935,15,0,5,30,0,0,45,67000
E9B,1167,990,875,0,0,5,30,0,0,80,63200
E9C,1213,1025,915,10,5,0,50,0,0,40,53200
E9E,1932,1715,1565,5,0,5,45,0,0,95,61600
E9G,2421,2240,1950,55,40,15,50,10,10,120,59200
E9H,1407,1290,1230,15,0,10,10,0,0,25,60000
G0A,42396,36330,27775,2110,205,2270,3410,15,95,455,81000
G0C,23601,21675,17015,815,170,695,2395,5,95,475,61600
G0E,2907,2320,1990,90,55,40,120,0,15,15,55200
G0G,8853,6960,5290,625,95,135,225,225,5,360,93000
G0H,5445,4760,4030,130,80,55,185,0,35,245,67000
G0J,16469,13800,11515,330,90,445,1165,40,70,155,54800
G0K,6581,5395,4480,115,95,135,370,0,50,155,65000
G0L,32170,27385,21770,725,145,930,3125,10,230,450,63200
G0M,16844,14955,12495,440,95,355,1390,0,110,65,66500
G0N,10918,9095,7675,170,20,335,765,0,35,95,63600
G0P,3418,2930,2685,25,5,50,130,0,10,30,65500
G0R,43153,37730,29685,1445,280,1500,4210,10,220,385,66000
G0S,32475,30345,23580,2155,205,860,3000,40,190,315,75500
G0T,7759,6495,5080,315,105,330,575,5,35,55,62800
G0V,10207,8070,6415,605,155,345,475,0,20,50,76500
G0W,18298,15135,11755,830,280,940,1095,40,50,145,73500
G0X,33235,27705,23335,630,150,995,2175,0,205,220,65000
G0Y,5875,4365,3905,50,10,130,210,0,5,50,62400
G0Z,4289,3920,3445,90,30,70,225,0,10,55,64500
G1B,6762,6625,4795,655,20,550,335,0,0,260,100000
G1C,16886,16395,8140,785,215,1565,5615,15,55,0,80000
G1E,14733,14030,3470,440,95,1615,7765,605,35,5,60400
G1G,11493,11205,5925,780,130,510,3205,635,20,0,78000
G1H,15572,14940,3980,255,325,1060,7250,2035,35,0,60800
G1J,14182,13225,745,45,160,1355,9435,1400,85,5,48400
G1K,12884,11435,150,20,90,945,7895,2045,280,0,50000
G1L,13773,12770,695,30,40,1405,9990,550,55,5,49200
G1M,10538,10025,800,635,655,945,6375,570,40,0,59600
G1N,5363,4995,350,25,15,730,3630,160,90,0,48000
G1P,8450,8070,2555,640,185,470,4200,0,10,0,64000
G1R,12386,10465,60,40,45,100,7400,2690,130,0,54400
G1S,14792,13655,1330,235,230,655,7040,4130,40,5,70500
G1T,2937,2795,1580,105,210,180,330,385,5,0,133000
G1V,15426,12270,1315,90,40,390,6575,3840,20,0,54400
G1W,11121,10480,3295,490,265,180,4930,1305,10,5,79500
G1X,13699,12980,3835,600,450,150,5915,2005,40,0,72000
G1Y,5703,5485,3330,675,215,85,1110,55,10,5,110000
G2A,6729,6525,4005,465,155,465,1415,0,15,5,90000
G2B,11616,11265,4670,1100,470,615,4165,210,25,0,76500
G2C,6191,5910,1505,545,440,200,2860,360,0,0,80000
G2E,9337,9110,5345,1005,120,605,1970,0,50,20,86000
G2G,4911,4775,2440,530,335,285,820,0,5,355,90000
G2J,1885,1770,245,35,45,10,1440,0,0,0,63200
G2K,6994,6430,1465,345,630,180,3710,95,15,0,83000
G2L,6939,6670,2590,475,200,465,2690,240,15,0,83000
G2M,2306,2260,1360,280,180,135,200,0,0,105,100000
G2N,3600,3495,1920,665,125,335,335,0,5,110,94000
G3A,8604,8285,5390,380,85,235,650,1510,30,10,109000
G3B,3268,3135,2845,20,60,125,80,0,0,5,133000
G3C,4723,4165,3350,215,230,165,165,5,5,20,105000
G3E,6379,6270,3490,1070,335,475,690,55,5,145,103000
G3G,4179,4070,3045,100,20,290,230,5,5,365,91000
G3H,4352,4185,3110,325,10,205,510,0,0,25,87000
G3J,4697,4530,2610,350,265,205,980,110,0,5,88000
G3K,8121,7960,4035,1065,305,430,2090,25,15,0,97000
G3L,5743,4970,3970,130,25,435,380,5,10,15,71500
G3M,3410,3300,1860,315,5,435,630,10,30,15,67000
G3N,5037,4475,3495,280,45,140,320,0,0,195,100000
G3S,2511,2395,1680,220,250,60,155,0,5,25,114000
G3Z,3782,3425,2075,165,10,380,695,0,50,55,64500
G4A,1489,1425,915,45,0,180,285,0,5,0,65500
G4R,10109,8960,4595,435,300,480,2940,175,15,20,75000
G4S,2266,2155,695,40,175,15,5,0,0,1230,87000
G4T,6665,5830,4945,200,105,160,355,0,35,30,75500
G4V,3463,3120,2095,100,40,210,620,0,25,30,54400
G4W,7483,7000,3915,370,105,520,1880,0,40,170,56000
G4X,7352,6780,5010,180,60,335,1120,0,30,35,72000
G4Z,4782,4380,2465,325,70,215,810,90,0,405,81000
G5A,4582,3840,2625,195,15,300,690,0,15,0,63600
G5B,2919,2645,1305,130,150,135,530,0,0,400,85000
G5C,5547,5230,2530,325,215,110,1365,10,25,650,71500
G5H,3433,3255,1775,175,90,250,910,0,30,25,53600
G5J,3035,2855,1810,125,15,180,700,0,20,5,60000
G5L,15887,14820,5745,1100,450,970,5990,485,65,10,55200
G5M,3884,3805,2035,735,105,60,775,0,30,70,86000
G5N,3657,3525,2700,385,25,45,330,0,5,35,91000
G5R,10045,9480,4055,680,165,560,3855,50,80,45,62800
G5T,1518,1385,870,45,110,80,255,0,15,15,57200
G5V,5801,5465,2840,285,95,465,1675,5,15,85,56000
G5X,2874,2725,1875,190,75,125,430,5,15,0,65500
G5Y,11764,11250,5880,970,185,605,3395,90,100,35,58400
G5Z,3408,3280,2005,640,5,40,355,225,15,0,78000
G6A,1000,995,675,125,30,50,110,0,5,0,94000
G6B,4432,4050,2415,85,110,415,970,0,15,40,56800
G6C,3512,3385,2320,205,80,105,645,5,5,20,88000
G6E,5618,5490,3195,845,125,150,1090,0,10,65,78000
G6G,10330,9610,5785,185,75,1135,2300,0,45,85,55600
G6H,3413,3210,2510,35,0,245,340,0,25,45,62800
G6J,4358,4255,3045,355,10,110,670,0,10,55,95000
G6K,3236,3195,2155,465,25,155,380,0,5,0,107000
G6L,7452,7005,4350,385,10,455,1705,5,25,60,59600
G6P,15475,14480,6360,545,135,1230,6145,5,30,25,50800
G6R,1834,1800,1470,100,0,15,185,0,5,25,91000
G6S,2370,2205,1005,715,40,20,435,0,0,5,77500
G6T,4647,4560,2555,1050,15,20,905,0,5,5,87000
G6V,16976,15915,5870,610,655,1475,6185,990,45,85,62800
G6W,12252,11840,4455,1100,320,650,5215,50,15,40,76500
G6X,4796,4625,1630,495,125,300,2055,0,15,15,68500
G6Y,3071,2995,1465,355,55,50,810,125,0,130,98000
G6Z,9564,9390,7035,505,125,235,1390,0,15,85,104000
G7A,10423,10145,6575,780,180,215,1395,650,10,340,104000
G7B,8450,8075,3885,525,125,1455,1880,5,10,185,70500
G7G,7383,7170,4265,585,160,755,1375,5,20,0,76000
G7H,15376,14395,5240,980,380,1575,5320,780,60,60,60400
G7J,7388,7080,2845,660,260,1185,1930,155,45,0,65500
G7K,381,375,175,40,0,40,30,0,0,90,76000
G7N,2739,2630,1960,200,10,210,175,0,0,70,96000
G7P,3278,3095,2370,125,50,175,215,0,10,155,82000
G7S,8818,8550,4810,1115,245,755,1610,0,5,0,82000
G7T,720,705,185,265,90,55,105,0,0,0,97000
G7X,13829,12830,5290,550,175,2445,4190,100,65,10,57600
G7Y,300,290,180,15,0,60,35,0,0,0,81000
G7Z,1094,1080,840,85,60,55,25,0,5,0,90000
G8A,2845,2710,1515,120,10,365,695,5,5,0,68000
G8B,10927,10360,4965,565,210,1655,2815,25,120,15,62000
G8C,1888,1870,1025,435,40,45,295,0,5,25,93000
G8E,1665,1575,1145,70,0,195,115,5,5,30,77000
G8G,2075,1810,1220,95,30,200,235,0,10,15,69500
G8H,4946,4615,2520,240,60,465,1135,0,45,150,62800
G8J,2529,1885,1420,65,10,100,200,0,15,80,69500
G8K,5169,4690,3105,155,30,345,860,0,35,155,67000
G8L,7227,6520,4015,305,65,615,1325,10,80,105,62800
G8M,2369,2250,1835,35,25,155,180,0,20,0,71000
G8N,1263,1085,845,50,0,70,100,0,0,10,69500
G8P,3590,3225,1645,145,55,125,710,0,5,530,85000
G8T,14646,14025,5925,525,75,2195,4965,225,95,25,52000
G8V,4242,4165,2965,325,20,70,690,0,5,85,89000
G8W,4962,4785,3145,185,80,35,1325,0,20,0,77000
G8Y,16364,15795,7535,1120,845,200,5555,530,10,0,68000
G8Z,7785,6980,1205,75,30,1420,4015,220,15,0,47600
G9A,12524,11510,1565,750,260,770,7905,140,110,0,42800
G9B,8252,7960,4985,945,320,205,1375,0,40,80,87000
G9C,1636,1600,530,825,165,15,65,0,0,0,97000
G9H,6345,6035,4135,245,170,175,1240,0,30,30,75000
G9N,9676,8700,2725,180,125,925,4620,5,110,0,44400
G9P,5881,5625,3075,245,40,580,1555,0,90,40,61600
G9R,1058,990,850,45,0,30,60,0,5,0,83000
G9T,8679,8005,4305,190,55,845,2490,5,85,35,54000
G9X,6133,5260,3060,115,75,805,1135,0,50,20,60400
H1A,14941,14530,3465,1100,1860,530,7260,305,10,5,73000
H1B,9718,9445,1945,615,570,1015,4790,440,60,5,65000
H1C,4930,4855,1955,1420,455,195,800,25,5,0,107000
H1E,17190,16675,4145,2935,1470,290,6940,880,10,5,76000
H1G,21276,20285,1380,1035,285,2415,13475,1605,85,0,57200
H1H,17094,16135,1255,245,140,2925,9695,1800,80,5,55200
H1J,4928,4795,175,370,320,130,3200,600,0,0,68000
H1K,15402,14840,1775,1115,860,1665,8750,645,35,0,76000
H1L,17646,16735,1400,470,610,3775,9720,545,215,5,61200
H1M,14536,13805,320,465,145,1775,7905,3150,35,10,65000
H1N,12731,12045,640,120,420,2150,7920,760,30,0,58800
H1P,7662,7370,840,385,0,480,5145,520,5,0,67500
H1R,12416,11845,1020,300,125,625,9455,305,15,0,70000
H1S,11089,10620,45,25,5,2320,6470,1730,15,5,62400
H1T,16461,15570,820,360,305,1805,10540,1585,145,5,58000
H1V,12588,11830,155,5,85,525,10570,470,25,0,59200
H1W,17687,16605,40,5,175,1035,14365,940,35,0,56800
H1X,16827,15800,45,160,485,2225,12300,525,45,15,56800
H1Y,16145,15215,40,120,510,2160,10610,1595,180,5,62400
H1Z,14837,14070,460,90,80,3870,9430,5,135,5,56000
H2A,9248,8755,540,340,85,1425,6045,140,175,5,55200
H2B,9341,8730,380,140,5,2000,5995,170,35,0,58400
H2C,9001,8500,750,220,110,1595,5430,275,120,0,65500
H2E,12660,11755,370,200,85,1990,8700,240,165,5,55600
H2G,12862,12000,15,15,170,1990,9435,280,85,0,60800
H2H,8542,7955,5,5,25,430,7185,265,35,0,66000
H2J,16179,14975,15,20,350,1265,12430,760,125,5,70000
H2K,18011,16590,25,20,250,825,12650,2785,30,5,54800
H2L,17542,15490,30,10,120,280,10810,4170,70,0,57200
H2M,9440,8940,260,235,270,885,5900,1330,60,0,70500
H2N,2936,2745,30,45,5,455,2005,190,10,0,63600
H2P,8017,7470,20,25,170,1960,4610,620,55,10,68500
H2R,13379,12460,20,45,95,1885,9820,425,165,5,66000
H2S,16198,15060,15,10,65,1440,12300,990,235,0,65500
H2T,9219,8455,15,20,165,580,6690,915,65,0,67500
H2V,13860,12680,615,760,550,840,7840,2025,55,0,90000
H2W,6881,6105,5,0,145,580,4855,500,20,0,56800
H2X,15925,12845,10,5,205,300,5025,7265,30,0,40800
H2Y,2988,2260,0,0,15,0,980,1260,0,0,89000
H2Z,3036,2350,0,0,5,0,185,2160,0,0,60400
H3A,3722,2680,0,0,10,0,240,2430,0,0,36400
H3B,1566,1135,0,0,5,0,15,1120,0,0,49200
H3C,13197,11180,0,0,190,5,760,10210,5,0,84000
H3E,10843,10290,245,180,1430,140,2020,6275,0,0,93000
H3G,9041,6880,45,10,175,10,655,5985,5,0,49200
H3H,15061,12345,45,30,150,45,2125,9930,10,5,40800
H3J,6169,5625,5,5,855,95,2715,1905,40,0,69000
H3K,8472,7835,40,35,1090,805,4850,1000,10,0,64500
H3L,10593,9855,525,720,25,1670,6090,765,55,0,63600
H3M,6801,6450,1065,335,50,845,3670,465,15,0,65000
H3N,13287,12305,185,35,115,1315,9660,950,35,10,48000
H3P,3862,3700,1260,715,200,335,860,320,5,10,136000
H3R,3847,3590,1260,750,35,185,815,550,0,0,123000
H3S,16188,14790,55,75,0,420,11375,2810,55,0,54800
H3T,7418,6510,85,120,35,415,4630,1220,5,0,47600
H3V,4518,4010,0,5,0,15,710,3270,0,0,50000
H3W,13718,12705,275,275,65,1780,8205,2095,5,0,61600
H3X,11454,10525,1545,480,35,2175,3190,3080,25,0,75500
H3Y,3665,3430,1070,1190,625,130,200,215,0,0,240000
H3Z,6609,5885,110,230,620,130,1650,3125,20,0,79500
H4A,13091,12120,250,1340,485,3965,4895,1155,25,10,78000
H4B,11150,10525,495,1015,70,820,4730,3390,5,0,51200
H4C,10371,9490,35,30,345,215,7290,1535,50,0,64500
H4E,15696,14735,415,130,565,5740,7140,645,75,30,59200
H4G,16856,15815,170,115,350,1505,12220,1420,30,0,61200
H4H,9482,8970,725,170,85,5525,2165,280,5,5,71000
H4J,7771,7340,1165,375,5,495,4640,655,5,5,58000
H4K,4158,4000,1525,180,535,75,1660,15,5,0,90000
H4L,15190,14175,1485,905,175,1985,5410,4180,30,0,67500
H4M,4896,4585,965,760,90,180,2065,515,0,5,85000
H4N,12999,12070,215,265,235,610,3125,7615,5,0,61600
H4P,4787,4425,180,170,50,10,1200,2815,0,0,65500
H4R,12654,12130,1010,280,2435,175,5010,3220,0,0,89000
H4S,226,215,15,0,155,0,10,0,0,35,106000
H4T,2,0,0,0,0,0,0,0,0,0,
H4V,9834,9175,845,670,5,2095,3510,2035,10,5,59600
H4W,11415,10710,1400,1100,655,655,985,5910,0,5,75500
H4X,2654,2535,850,530,60,220,660,215,0,0,105000
H7A,7584,7460,4685,890,435,255,1175,5,15,5,101000
H7B,1077,1060,830,100,5,40,85,0,0,0,98000
H7C,3760,3510,1165,250,145,170,1540,210,30,0,72000
H7E,10345,10145,5800,950,400,120,2615,255,0,0,100000
H7G,9435,9075,3140,365,20,615,3845,1065,30,0,72000
H7H,5078,5015,2980,585,365,95,985,0,5,5,103000
H7J,905,875,780,15,0,45,30,0,5,0,95000
H7K,8406,8210,5270,775,150,65,1830,120,5,5,104000
H7L,13780,13555,7480,2480,720,500,1925,375,75,5,107000
H7M,10868,10625,5435,980,215,160,3805,5,15,5,86000
H7N,21408,20350,3650,745,340,815,11555,3210,35,10,65000
H7P,14684,14335,8100,1540,570,90,2160,1855,20,0,92000
H7R,11519,11260,7730,1160,380,545,1090,315,25,5,94000
H7S,3332,3245,1105,100,50,5,1860,125,0,0,69000
H7T,12129,11490,2925,1175,275,90,3765,3245,15,0,81000
H7V,10593,9735,1725,190,185,690,4375,2545,20,5,56000
H7W,17932,16910,4715,1665,325,395,6955,2840,10,5,71000
H7X,9843,9545,6090,840,205,160,1865,380,5,0,107000
H7Y,3442,3390,2395,460,165,25,300,40,0,0,129000
H8N,14934,14145,50,665,790,5315,5215,2105,5,5,65000
H8P,11083,10475,880,575,20,6645,2085,260,10,0,65000
H8R,14411,13600,490,390,540,6905,5150,120,5,0,62000
H8S,12363,11635,530,315,740,2335,6490,1080,105,45,60400
H8T,7055,6830,2195,280,305,800,3155,95,10,0,79000
H8Y,7852,7625,2815,305,640,145,3290,425,5,0,75500
H8Z,5822,5635,3065,410,340,55,1010,755,5,0,85000
H9A,5392,5265,3915,75,140,10,910,215,0,0,108000
H9B,7757,7580,3180,130,1830,35,2105,305,0,0,87000
H9C,4211,4140,3230,200,180,80,440,0,5,0,116000
H9E,1256,1205,830,110,0,40,145,0,0,75,103000
H9G,5852,5735,3390,215,990,5,330,810,0,0,94000
H9H,9638,9375,5155,285,445,125,2875,415,15,50,87000
H9J,7684,7530,5630,145,660,40,935,110,0,0,109000
H9K,3087,3025,1800,180,320,25,695,5,5,0,113000
H9P,1547,1510,985,100,135,25,265,0,0,0,89000
H9R,10270,9920,4945,840,1105,30,1080,1920,0,5,93000
H9S,11143,10620,4705,270,355,270,3275,1725,20,5,79500
H9W,6915,6755,5795,90,520,5,345,0,0,0,138000
H9X,4057,3790,2450,250,185,105,680,75,45,0,104000
J0A,9020,8240,6600,185,100,370,870,0,30,90,69000
J0B,32981,28140,23050,610,160,1495,2550,5,85,185,71000
J0C,10332,9785,7870,295,30,335,960,5,35,260,71500
J0E,28558,23190,17850,805,150,850,2700,5,315,515,74000
J0G,9267,8500,7270,210,35,345,480,0,30,135,66000
J0H,22956,22055,17300,625,150,865,2645,15,170,285,75000
J0J,19527,17745,14750,480,90,485,1425,85,145,285,77000
J0K,78999,67140,54905,1630,390,2725,6435,30,380,645,65000
J0L,34423,33385,21375,2860,745,1635,5335,25,205,1215,86000
J0M,7885,6645,3095,2305,225,240,730,0,0,50,102000
J0N,20731,20250,14895,740,205,715,3415,0,100,190,88000
J0P,18635,17820,13445,855,300,505,2555,40,60,60,86000
J0R,21353,18065,12955,810,360,1520,2125,5,110,180,84000
J0S,16563,14780,11735,475,120,620,1480,40,95,215,70000
J0T,42290,26030,22235,435,150,1555,1380,15,55,210,62400
J0V,17146,12905,10705,455,120,525,925,5,85,85,63600
J0W,11615,8135,7045,125,30,295,510,5,40,95,57200
J0X,32403,21785,18950,665,235,580,1110,0,85,160,69000
J0Y,14125,12280,9175,520,200,660,1155,0,65,505,79500
J0Z,17493,15060,12430,555,240,560,1105,5,50,120,73500
J1A,4382,4115,2425,160,40,330,1125,0,15,15,62400
J1C,2822,2755,1870,105,10,195,525,0,20,35,81000
J1E,13498,12660,3330,1045,300,710,7040,195,40,0,54000
J1G,9625,9140,4020,200,195,795,3755,130,45,0,60000
J1H,17353,15600,2480,450,220,1310,10515,585,15,20,45600
J1J,7824,7300,2520,255,180,380,3170,755,5,30,65500
J1K,4157,3450,1545,45,60,220,1575,5,0,0,56400
J1L,8523,8215,1810,280,305,70,4975,775,0,0,58800
J1M,3020,2625,1265,70,0,115,1165,0,5,0,60400
J1N,14900,14515,7950,1250,855,585,3645,0,15,215,87000
J1R,4288,4220,2935,415,265,150,285,0,55,120,95000
J1S,3638,3440,2165,80,10,425,710,0,35,15,67000
J1T,4117,3875,2155,25,10,575,1050,0,10,45,50000
J1X,18571,15965,8945,615,380,1100,4640,40,145,105,67000
J1Z,2269,2185,1815,80,0,145,105,0,0,35,82000
J2A,5093,4950,3785,330,30,195,500,0,25,80,80000
J2B,15949,15380,6855,810,170,1895,5545,5,70,30,58800
J2C,15040,14605,5410,780,395,1090,6425,480,35,0,56800
J2E,2052,1995,1035,180,210,40,410,0,10,105,68500
J2G,14957,14405,4390,285,25,1870,7350,100,380,0,49200
J2H,9256,9065,4935,1380,330,135,1950,105,60,160,89000
J2J,8601,8430,3040,850,135,255,3460,310,20,370,64000
J2K,8632,8270,3950,350,75,560,3165,0,65,105,61600
J2L,6263,5075,2760,430,75,145,1545,0,20,95,100000
J2M,3091,2900,2685,20,0,20,25,0,15,125,97000
J2N,4697,4445,2380,210,5,355,1385,0,50,50,68000
J2R,4516,4405,2890,320,60,240,860,0,30,5,81000
J2S,15567,14685,2995,745,405,1245,9010,140,115,35,53200
J2T,8076,7840,3370,500,185,790,2915,0,60,25,68000
J2W,11325,11165,8025,480,210,55,2200,0,45,155,102000
J2X,8758,8470,5220,205,175,455,2280,0,110,5,78500
J2Y,2226,2185,1630,10,0,10,30,0,10,490,98000
J3A,5560,5360,420,140,275,40,4480,0,5,0,45200
J3B,16383,15730,6195,560,280,1395,6785,155,305,60,66000
J3E,11761,11610,7760,675,115,185,2835,5,35,5,107000
J3G,14303,14020,8340,615,550,750,3660,5,50,45,91000
J3H,10992,10800,7435,470,230,165,2485,5,20,0,104000
J3L,21567,21125,13010,1370,380,775,5470,5,110,5,100000
J3M,4784,4685,2375,405,255,250,1280,0,40,80,78000
J3N,6635,6560,4520,350,50,120,1300,0,30,185,107000
J3P,12702,12150,6715,665,200,1175,3245,65,55,30,60000
J3R,7314,7050,3645,405,175,570,2125,85,35,5,62000
J3T,3923,3755,2160,240,45,160,1080,0,25,35,66000
J3V,10566,10385,7325,495,215,80,2090,150,20,0,115000
J3X,8538,8410,5260,705,130,180,2110,0,15,5,103000
J3Y,27993,27235,14465,1945,485,985,8500,250,70,540,86000
J3Z,1842,1830,1565,50,15,80,105,5,5,0,131000
J4B,17733,17290,10215,1345,810,225,4395,290,10,0,110000
J4G,4827,4730,1325,220,355,150,2655,15,10,0,79500
J4H,8582,8195,1205,280,70,735,3885,1950,70,0,62400
J4J,15546,14960,2845,385,195,980,10380,110,50,5,58400
J4K,14003,13290,1995,210,55,1350,7565,1875,240,0,58400
J4L,14338,13860,3095,850,945,105,8540,315,5,0,65000
J4M,4989,4940,2655,805,260,30,1190,0,0,0,104000
J4N,5258,5120,1065,255,45,30,3675,50,0,0,87000
J4P,5771,5450,1165,415,90,330,1990,1425,35,0,75500
J4R,5199,4975,1390,300,150,395,2170,570,0,0,73500
J4S,3166,3060,775,60,310,0,1420,495,0,0,84000
J4T,9007,8695,2755,300,120,1055,4395,5,60,5,66000
J4V,7541,7300,2820,430,885,170,2735,220,25,0,73000
J4W,7523,7320,2770,1035,675,40,2205,600,0,0,76500
J4X,7471,7160,3350,395,475,35,1300,1605,0,0,93000
J4Y,10222,9835,3885,1060,480,245,3610,545,0,0,91000
J4Z,12061,11570,3915,1080,530,325,5210,495,10,0,79000
J5A,11491,11305,6990,875,325,230,2835,0,25,25,101000
J5B,3557,3475,2010,240,130,135,935,10,10,0,87000
J5C,7016,6905,3815,445,215,275,2025,140,5,0,89000
J5J,7490,7210,5480,260,5,1220,230,0,15,0,84000
J5K,6807,6635,5595,175,30,695,95,0,5,35,100000
J5L,9534,9330,5880,510,125,750,2020,0,35,5,88000
J5M,9605,9280,6515,510,35,660,1360,5,30,175,78500
J5N,83,75,30,15,0,5,20,0,0,0,
J5R,20269,19780,10745,920,1130,415,6070,415,80,5,100000
J5T,5973,5840,4390,190,95,210,800,0,35,120,82000
J5V,3857,3660,1745,75,60,435,1285,0,50,5,47600
J5W,10875,10665,6315,965,200,615,2295,0,80,195,86000
J5X,3699,3585,2215,360,125,240,630,0,15,0,79000
J5Y,11237,11080,7335,460,195,130,2845,100,20,0,103000
J5Z,11799,11595,5545,1275,390,485,3740,145,20,0,86000
J6A,14891,14645,8435,585,70,175,4355,1000,25,5,81000
J6E,23104,22010,9040,685,495,1825,9570,215,160,10,58800
J6J,10391,10080,6125,655,85,445,2750,0,20,0,76000
J6K,10021,9835,6460,430,180,260,2420,75,10,0,82000
J6N,7479,7275,4040,375,55,765,1890,0,15,135,72500
J6R,5472,5400,3840,400,155,160,815,0,25,0,100000
J6S,12005,11480,5445,840,290,1420,3425,0,45,5,64000
J6T,8957,8595,3705,395,100,1275,3110,0,15,0,59600
J6V,5613,5475,2985,365,170,75,1085,760,5,35,105000
J6W,13677,13445,7035,725,55,875,4715,0,40,0,83000
J6X,9732,9590,6105,885,55,440,1650,295,20,140,95000
J6Y,8145,7975,6050,165,280,395,945,130,10,0,112000
J6Z,7795,7640,5130,415,380,220,1495,5,5,0,101000
J7A,5368,5280,4260,50,215,70,670,0,5,0,120000
J7B,4496,4435,3855,5,10,90,240,240,0,0,145000
J7C,18343,17970,10530,1190,270,1385,4445,50,20,85,98000
J7E,13886,13295,3790,410,325,950,6970,835,25,5,65500
J7G,7383,7230,3820,530,425,95,2280,75,10,0,88000
J7H,3706,3585,1350,90,230,15,1890,0,0,0,85000
J7J,11847,11480,5320,400,30,2150,3470,100,10,0,91000
J7K,14977,14770,7895,725,520,525,5070,0,40,0,90000
J7L,5313,5210,3895,360,185,340,405,0,30,0,99000
J7M,8884,8755,5930,700,295,490,1135,0,5,190,91000
J7N,13660,13310,8065,470,110,1465,3110,50,45,0,89000
J7P,11068,10850,5695,460,30,310,4250,70,25,5,77000
J7R,15804,15390,8690,1460,470,575,3770,380,45,0,85000
J7T,10677,10520,9215,245,165,175,610,0,15,95,115000
J7V,27935,27110,15920,1295,1475,775,6930,575,100,40,91000
J7W,5786,5640,3895,245,425,50,1010,0,0,15,95000
J7X,2453,2410,1155,140,300,105,695,0,5,10,79500
J7Y,13774,13295,3685,310,315,1440,7145,340,60,5,56800
J7Z,15464,14740,4330,745,215,1965,6355,995,125,10,54800
J8A,5597,4680,4275,60,10,280,40,5,0,10,84000
J8B,8002,6895,4070,335,335,780,1320,5,50,15,69000
J8C,7246,5755,2915,125,195,1035,1410,0,25,35,59200
J8E,8848,5435,2785,225,165,775,1310,65,30,85,68000
J8G,5104,3820,3185,65,15,220,270,0,10,65,64500
J8H,7901,7100,3795,195,120,675,2250,0,60,5,57200
J8L,9214,8550,5075,1295,425,440,1260,5,30,20,79500
J8M,5389,5240,2345,1595,245,240,790,0,20,10,91000
J8N,7543,5610,4710,290,35,310,225,10,10,10,100000
J8P,16341,15680,6250,2250,625,1655,4570,150,55,120,74500
J8R,11315,11050,5845,2590,330,450,1815,20,5,0,107000
J8T,18592,17670,7035,1150,1575,935,6540,400,30,10,71000
J8V,10576,10220,7035,890,410,540,1310,0,10,35,122000
J8X,7174,6130,485,175,385,785,2135,2145,20,0,53600
J8Y,13386,12235,3220,610,400,1610,4935,1425,25,10,58800
J8Z,7798,7385,1380,965,410,70,3255,1300,0,0,69000
J9A,10439,9940,2230,1900,615,255,3910,1025,5,0,92000
J9B,3375,3040,2790,130,10,65,45,5,0,0,146000
J9E,4140,3705,2655,150,55,195,580,0,50,20,52800
J9H,14045,13465,5290,2525,1235,575,3310,515,10,0,89000
J9J,16388,15715,6200,2210,1595,95,5615,0,10,0,108000
J9L,7211,6685,4060,180,40,675,1575,0,60,90,57600
J9P,15977,15110,7800,610,280,1590,4350,225,40,220,75500
J9T,6222,5920,3100,255,175,550,1765,0,50,20,71500
J9V,1734,1580,1065,70,75,195,175,0,0,0,63600
J9X,12407,11520,3610,920,95,1305,5370,60,120,40,61200
J9Y,4455,4170,3520,130,5,230,115,0,10,165,110000
J9Z,3717,3510,2030,90,120,325,930,0,10,5,60000
K0A,43737,42230,36185,1440,1190,715,2165,215,70,255,115000
K0B,9489,8900,7455,405,85,165,665,0,30,100,79000
K0C,22714,21675,18425,665,380,360,1455,45,60,290,84000
K0E,18426,16490,14440,565,235,225,830,65,70,65,83000
K0G,19411,16330,14420,425,440,145,700,0,45,150,94000
K0H,25346,19080,17940,250,165,95,300,0,35,290,92000
K0J,19885,14900,13600,285,60,105,630,5,35,185,76000
K0K,53153,47030,42135,915,710,450,2370,50,135,270,83000
K0L,48786,33070,30515,240,380,310,1240,15,100,270,79000
K0M,37422,23615,21840,170,245,165,955,15,60,165,80000
K1A,416,365,0,0,0,5,35,320,0,0,73500
K1B,6866,6705,2245,155,2980,95,205,1010,5,0,96000
K1C,14312,14100,7945,920,3515,380,1330,0,10,0,117000
K1E,5863,5785,3875,450,955,65,210,240,0,0,110000
K1G,15333,14705,5515,310,2270,130,1060,5345,5,70,83000
K1H,7289,7005,3945,290,165,115,485,2005,0,0,103000
K1J,11423,11105,3430,725,3585,75,1125,2160,15,0,94000
K1K,15235,14445,2620,995,3610,550,2770,3875,25,0,73500
K1L,10797,9705,1280,220,490,1040,4440,2190,50,0,63200
K1M,3341,3050,1010,330,300,80,700,610,15,0,128000
K1N,17122,14475,595,535,1245,270,4700,7130,10,0,64000
K1P,568,445,0,0,0,0,15,425,0,0,87000
K1R,12836,11580,665,375,915,555,3295,5690,85,0,74000
K1S,15662,14390,4305,1195,1165,705,2905,4005,50,60,106000
K1T,13967,13650,4940,1290,5505,40,830,960,80,0,107000
K1V,23359,22095,6955,1450,7080,220,1370,5020,0,0,93000
K1W,4730,4635,2615,150,1550,105,210,0,5,0,141000
K1X,1575,1540,1160,10,310,5,10,0,0,40,133000
K1Y,10737,10125,3165,885,320,735,1860,3140,20,0,99000
K1Z,11642,10790,2425,990,985,350,2185,3860,10,0,77000
K2A,7738,7490,3450,545,275,140,1045,2035,5,0,105000
K2B,15737,15035,2505,955,2000,420,1005,8125,0,20,72000
K2C,13056,12395,5040,920,1750,195,900,3590,0,0,86000
K2E,8461,8130,3390,625,1010,25,1095,1980,0,0,89000
K2G,18451,17935,9410,1165,5405,90,1165,695,5,0,114000
K2H,11530,10950,4820,465,3855,30,490,1055,0,235,100000
K2J,27759,27345,13640,2130,10065,10,1320,175,0,0,122000
K2K,9716,9450,3890,210,3335,10,485,1530,0,0,116000
K2L,7309,7200,3560,1185,2080,10,315,50,0,0,106000
K2M,10069,9950,5045,390,4215,0,235,65,0,0,133000
K2P,14113,12550,235,100,275,90,2890,8945,20,0,66500
K2R,424,415,410,0,5,0,0,0,0,0,164000
K2S,13924,13710,9590,490,2810,30,480,180,5,125,137000
K2T,4064,3955,1965,165,1540,0,205,85,0,0,141000
K2V,3637,3505,1645,205,1400,10,245,5,0,5,128000
K2W,2665,2630,1795,55,775,0,5,0,0,0,159000
K4A,22000,21480,10950,420,8275,645,855,325,5,10,128000
K4B,1741,1700,1550,40,0,75,30,0,5,0,129000
K4C,1636,1600,1480,15,5,55,25,0,5,5,143000
K4K,6763,6610,4460,300,545,295,885,65,15,55,104000
K4M,5393,5220,4550,30,555,25,55,0,10,0,146000
K4P,3551,3500,3135,75,120,30,15,0,10,120,155000
K4R,3220,3180,2670,225,10,65,200,0,0,5,127000
K6A,6325,6065,2720,695,265,830,1505,0,30,20,58000
K6H,14112,13515,6835,1300,700,1240,2545,805,85,10,61200
K6J,8263,7980,4060,735,430,505,1830,345,30,45,60400
K6K,1414,1395,1010,180,55,50,100,0,5,0,83000
K6T,264,265,240,0,0,0,0,0,0,20,108000
K6V,13705,13100,7320,990,845,110,3035,690,95,15,68500
K7A,7814,7530,5210,635,160,120,1150,45,30,185,74500
K7C,8631,8245,5630,640,765,25,985,0,30,160,99000
K7G,4305,3925,2700,230,140,70,655,115,5,5,77500
K7H,8360,7140,5335,315,175,25,1085,75,35,95,82000
K7K,16786,15480,5515,1455,1310,1140,3800,2040,55,165,67000
K7L,12191,9405,3755,270,265,440,2360,2265,25,30,72500
K7M,22585,21675,10295,1365,1800,640,2690,4860,20,5,77500
K7N,3411,3280,2220,120,470,0,325,135,0,0,91000
K7P,9538,9325,6370,1145,620,90,500,580,10,0,105000
K7R,6845,6340,4565,265,265,50,1165,0,15,5,77000
K7S,6399,6180,4045,460,555,100,930,55,5,30,83000
K7V,6881,6290,4630,250,330,120,840,0,35,90,70000
K8A,11919,11285,8210,605,315,255,1855,0,30,10,75000
K8B,176,175,165,0,0,0,5,0,0,0,136000
K8H,6342,5985,4050,435,835,35,610,0,10,0,102000
K8N,13782,13245,8995,360,670,370,1770,950,60,55,79000
K8P,10592,10040,4760,315,1110,310,2330,1170,45,0,64500
K8R,791,770,755,5,0,0,5,0,0,0,97000
K8V,12523,12090,8105,710,360,230,1830,510,35,315,76500
K9A,11937,11490,7435,430,1125,180,1810,365,40,115,82000
K9H,14391,13455,7150,215,1095,1150,3370,450,20,5,64000
K9J,19998,18885,11660,460,1105,1220,2415,1980,25,20,72500
K9K,5226,5065,3710,65,570,205,475,35,0,0,98000
K9L,3099,3000,2285,65,275,95,155,120,0,0,94000
K9V,12949,12220,8270,410,440,680,1630,725,30,35,72500
L0A,5729,5495,5270,25,35,25,125,0,10,0,114000
L0B,6072,5735,5500,5,50,80,40,0,10,50,111000
L0C,3537,3380,3190,35,15,35,90,0,15,0,117000
L0E,10072,8640,7690,60,190,55,500,0,45,95,90000
L0G,15980,15515,13080,495,805,305,665,135,20,10,118000
L0H,465,440,420,0,0,10,0,0,0,0,118000
L0J,1529,1455,1350,0,0,15,90,0,0,0,198000
L0K,22207,15850,14420,115,550,130,510,5,55,75,88000
L0L,19252,15670,14900,75,60,180,350,10,40,55,106000
L0M,14086,13270,10885,855,675,200,460,60,25,115,103000
L0N,894,825,810,0,0,10,0,0,5,5,118000
L0P,2777,2650,2560,15,25,20,25,0,5,5,135000
L0R,29717,29070,21580,1095,4885,240,1045,70,75,80,110000
L0S,28128,24550,20405,680,1410,190,1275,130,50,410,95000
L1A,7030,6780,4750,270,425,90,770,445,15,5,86000
L1B,5280,5130,4400,10,210,55,370,45,5,45,101000
L1C,18207,17720,12350,945,1870,480,1565,475,20,15,109000
L1E,9806,9640,7890,110,1000,320,315,5,5,0,123000
L1G,19291,18540,8340,805,2335,965,1805,4230,50,0,75500
L1H,14480,13685,7540,840,595,1380,2230,1030,75,0,73500
L1J,17776,17155,7625,2565,1515,1025,2330,2085,5,0,78000
L1K,13824,13520,10335,1110,1530,250,55,240,0,0,119000
L1L,3986,3770,3190,15,475,25,55,0,5,0,112000
L1M,6992,6900,5945,10,805,25,115,0,5,0,154000
L1N,19596,19115,11185,475,2460,695,2015,2275,10,5,100000
L1P,7132,6960,4960,465,785,35,35,665,5,0,132000
L1R,13260,13095,9825,435,2085,115,275,365,0,5,135000
L1S,16037,15665,8060,915,2385,660,1280,2355,5,0,100000
L1T,15281,14985,11115,795,1895,585,310,280,0,0,130000
L1V,18257,17835,9680,1470,3135,750,570,2215,5,5,118000
L1W,7323,7090,3875,565,850,615,360,805,5,15,106000
L1X,7516,7335,5275,455,995,435,145,30,0,0,129000
L1Y,730,695,630,15,0,15,30,0,0,0,133000
L1Z,8957,8840,6385,555,1750,135,15,5,0,0,134000
L2A,7783,7275,5615,210,110,390,610,310,20,0,72500
L2E,9017,8340,4775,430,270,660,1640,550,15,0,60800
L2G,13412,12530,7940,700,720,465,2345,340,20,0,69000
L2H,10594,10340,7475,740,1190,90,555,265,5,20,91000
L2J,6369,6205,4435,200,640,45,435,440,5,0,81000
L2M,14869,14445,8310,530,1520,385,1725,1940,25,0,72000
L2N,13827,13245,7565,1120,1110,255,1645,1530,20,0,78500
L2P,6706,6430,3310,740,640,290,1155,285,10,0,71000
L2R,13117,12000,5885,415,450,940,2680,1535,90,5,61200
L2S,7837,7585,4510,510,955,365,895,225,30,90,82000
L2T,5309,4875,3075,115,95,265,335,985,10,0,74500
L2V,8400,7740,5130,755,350,320,1015,165,10,0,80000
L2W,686,680,410,5,235,0,20,0,0,0,110000
L3B,11617,11045,7210,530,355,785,1780,305,75,5,66500
L3C,14273,13870,9170,1170,810,330,1180,1175,40,5,78500
L3K,9086,8480,6270,155,165,510,1085,190,95,10,70000
L3L,257,240,235,0,0,5,5,0,0,0,162000
L3M,11465,11240,7190,255,2600,210,600,345,35,5,104000
L3P,12978,12630,9880,260,890,460,235,900,5,0,115000
L3R,21994,21100,12330,815,2645,1385,300,3625,0,0,93000
L3S,15734,14975,10080,630,225,3160,235,650,0,0,106000
L3T,20672,19865,8390,440,2900,470,480,7190,0,0,95000
L3V,22293,20345,13535,425,1275,990,2820,920,45,340,77500
L3X,14261,13945,9160,1555,2465,400,240,105,20,5,129000
L3Y,17365,16705,9280,710,1415,1605,2125,1405,165,5,93000
L3Z,13290,12820,9450,940,685,830,630,260,30,0,114000
L4A,17366,16910,12605,830,1805,455,945,250,15,0,122000
L4B,13301,12880,6000,460,1970,225,5,4215,0,0,97000
L4C,30129,28600,13935,815,2420,1500,1270,8610,50,0,86000
L4E,17103,16620,11995,945,3215,270,65,130,0,0,127000
L4G,22255,21510,12980,1495,3615,670,1535,1205,5,5,119000
L4H,22218,21860,15735,2920,2740,315,45,100,0,5,144000
L4J,26995,26250,14735,800,2760,980,265,6710,0,5,115000
L4K,8679,7765,2775,605,830,490,80,2985,0,0,92000
L4L,20428,19845,12630,1120,1565,930,680,2910,10,5,110000
L4M,19372,18400,10250,680,1595,1515,2710,1615,10,25,87000
L4N,37801,36750,22375,1675,4270,2195,3715,2495,20,5,97000
L4P,11365,10815,8540,415,610,525,620,105,5,5,102000
L4R,8901,8425,5665,285,430,470,955,535,85,15,70500
L4S,11480,11210,7355,450,2905,140,360,0,0,0,119000
L4T,12302,11435,2525,1345,965,1245,4110,1215,10,25,84000
L4V,1,0,0,0,0,0,0,0,0,0,
L4W,7358,7150,3790,180,985,250,205,1735,0,5,105000
L4X,7074,6765,1615,430,745,85,575,3130,0,185,81000
L4Y,9118,8865,2990,1050,880,110,765,3065,0,0,89000
L4Z,13241,12815,3555,1410,2385,385,1275,3800,0,5,100000
L5A,18817,18135,2805,1165,2025,235,1300,10595,5,0,80000
L5B,29048,27315,3785,1215,885,730,1255,19445,0,0,79000
L5C,10210,9880,4480,1425,1070,265,1150,1490,0,10,102000
L5E,5539,5315,2475,160,490,275,280,1630,0,0,98000
L5G,9226,8715,3720,195,430,340,700,3310,15,5,95000
L5H,6541,6275,4275,155,695,100,350,675,20,0,139000
L5J,10960,10655,4000,1670,1600,140,1285,1945,10,0,107000
L5K,4732,4585,2155,355,420,45,290,1325,0,0,102000
L5L,15694,15205,6950,1600,3330,330,630,2365,0,0,110000
L5M,33246,32265,14940,4835,6760,830,1235,3655,5,5,118000
L5N,27101,26555,12665,4865,4865,505,1520,2120,5,5,123000
L5R,13438,12690,3885,625,2225,1105,220,4625,0,15,99000
L5S,6,0,0,0,0,0,0,0,0,0,
L5T,5,0,0,0,0,0,0,0,0,0,
L5V,13962,13630,6840,2245,2850,725,265,700,0,0,126000
L5W,6470,6305,3200,1925,855,185,145,0,0,0,142000
L6A,27080,26515,17550,2515,3520,765,1100,1050,20,0,133000
L6B,10373,10135,5310,1440,2470,530,265,115,0,0,121000
L6C,16291,15915,9795,1730,4080,30,100,185,0,0,118000
L6E,11924,11700,6380,1670,2570,30,280,760,0,0,115000
L6G,4916,4520,90,0,200,15,5,4215,0,0,61200
L6H,25860,24805,13200,2160,4380,330,1715,3005,10,0,123000
L6J,8656,8355,6600,95,340,105,325,875,15,0,158000
L6K,6598,6260,2400,65,440,270,970,2080,30,0,83000
L6L,11714,11295,7565,100,1015,220,310,2085,0,0,122000
L6M,23351,22845,13360,885,6295,30,1355,915,5,0,143000
L6P,21549,20995,14870,3295,1110,990,215,510,0,0,134000
L6R,23902,23265,12320,4355,3780,2105,590,95,5,5,116000
L6S,17297,16845,9005,1865,2100,1225,1105,1540,0,0,105000
L6T,14127,13595,2885,1750,1520,300,730,6415,0,5,83000
L6V,14632,13900,3870,3100,2360,665,2165,1740,5,0,93000
L6W,8735,8305,3770,205,850,525,525,2420,0,0,87000
L6X,21772,20935,11515,3875,2350,1155,665,1375,5,0,116000
L6Y,28798,27590,13115,1660,3665,3450,1545,4145,0,5,106000
L6Z,10472,10080,6205,950,1710,940,265,10,0,0,119000
L7A,27796,26960,18455,3700,3595,615,235,325,20,0,124000
L7B,5790,5570,4940,60,275,70,80,130,5,5,154000
L7C,9967,9570,7625,615,1000,140,150,20,10,15,134000
L7E,11754,11290,8765,1015,820,175,280,240,0,0,132000
L7G,16847,16560,11810,685,1715,465,1140,730,10,5,132000
L7J,5110,4995,3885,210,285,75,370,150,10,10,110000
L7K,3164,2925,2825,20,5,20,55,0,5,0,134000
L7L,17852,17520,9435,930,3625,80,1245,2160,40,10,122000
L7M,17184,16930,9730,900,4060,135,2020,65,25,0,131000
L7N,5469,5380,2815,45,1115,35,140,1215,10,0,101000
L7P,11060,10870,6960,705,2060,150,250,745,5,0,117000
L7R,8675,8300,2655,225,890,145,1405,2985,10,0,86000
L7S,6368,6170,1615,70,785,70,380,3240,10,0,77000
L7T,8287,8015,3590,215,1195,95,470,2430,10,0,93000
L8B,9053,8900,6015,645,1440,30,225,465,45,35,131000
L8E,15736,15315,8145,485,2615,210,275,3570,10,0,91000
L8G,9518,9315,5125,85,1010,140,870,2060,20,0,77000
L8H,11792,11245,8225,210,435,455,1000,865,35,5,70000
L8J,9465,9305,6090,415,2600,45,140,5,0,0,114000
L8K,14405,13940,7300,460,1445,310,1230,3185,15,0,75000
L8L,14444,13115,6605,855,665,1530,1975,1425,50,10,65000
L8M,7096,6380,2395,25,75,1180,1860,820,25,5,61200
L8N,8630,7670,1070,155,105,350,2185,3785,20,0,54800
L8P,14969,13560,2620,245,305,600,2625,7125,35,5,58000
L8R,6113,5600,1065,365,275,205,855,2820,15,0,53600
L8S,8714,7185,3020,25,75,685,1020,2350,10,0,62800
L8T,7948,7780,5405,225,415,130,605,995,0,0,85000
L8V,9662,9355,5545,225,155,185,1185,2030,20,5,68500
L8W,8612,8495,4980,320,2890,120,75,110,5,0,101000
L9A,10346,10120,6625,270,825,245,525,1600,35,0,81000
L9B,8461,8340,5005,190,2895,70,110,65,0,0,105000
L9C,15123,14730,9100,1035,2290,370,465,1460,15,5,92000
L9E,5075,4880,3240,170,1185,10,45,230,0,0,124000
L9G,9180,8975,6965,140,1355,115,300,80,5,0,138000
L9H,12828,12510,8355,180,1075,285,1090,1490,30,0,106000
L9J,1138,1060,295,5,495,20,105,135,0,0,84000
L9K,5138,4970,3455,55,1330,25,105,0,0,5,128000
L9L,5910,5645,4820,150,80,100,425,50,15,5,107000
L9M,9066,6660,5310,195,115,330,710,0,5,0,76000
L9N,7297,7035,5465,345,810,255,140,0,15,0,117000
L9P,6770,6520,5055,120,390,135,675,135,10,5,114000
L9R,9929,9645,6300,755,1045,355,1050,70,20,60,99000
L9S,13557,12130,10825,70,595,295,155,185,10,0,100000
L9T,34110,33410,17780,3580,7930,265,1870,1960,10,5,126000
L9V,6657,6110,5220,175,235,95,365,0,10,10,105000
L9W,17840,17310,12570,1280,1285,220,1355,565,20,15,110000
L9X,4326,4240,4075,15,35,65,35,0,15,0,141000
L9Y,17262,13075,7870,785,1505,265,2160,450,35,0,85000
L9Z,13761,10805,8925,250,910,145,505,5,25,30,76000
M1B,21561,20565,6260,1795,4655,2040,1180,4520,105,0,91000
M1C,11724,11395,8960,365,930,865,115,150,0,0,130000
M1E,18085,17320,6425,575,2495,960,950,5885,30,0,82000
M1G,10791,10315,4060,20,220,1170,225,4605,5,5,73500
M1H,9021,8635,2615,225,180,585,195,4825,5,0,80000
M1J,13253,12630,2920,250,635,1155,400,7265,10,0,76500
M1K,18687,17705,5140,945,415,1715,1355,7945,190,5,72500
M1L,13177,12560,3430,980,1350,910,1550,4280,50,0,78000
M1M,9067,8640,4330,80,555,530,375,2715,55,0,87000
M1N,10056,9520,4895,375,95,840,1975,1305,35,0,90000
M1P,17308,16490,4045,630,1875,870,695,8345,30,0,76000
M1R,11476,10920,5275,10,475,1430,840,2880,5,0,81000
M1S,14021,13330,4615,690,1090,995,1010,4840,85,5,81000
M1T,13826,13230,3535,230,1130,770,500,7010,60,0,71500
M1V,16556,15965,7090,1285,1710,910,760,4185,25,0,82000
M1W,17294,16735,5160,755,2755,475,540,7025,15,5,82000
M1X,3808,3720,2635,420,410,235,15,0,10,0,122000
M2H,8953,8560,2085,1700,1265,200,1635,1675,0,0,91000
M2J,25487,24215,3940,1550,2580,285,650,15180,20,0,83000
M2K,12626,11690,2425,110,295,95,520,8240,0,0,83000
M2L,4181,3935,2315,190,430,75,20,905,5,0,133000
M2M,13259,12495,4495,540,200,620,695,5950,0,0,81000
M2N,36968,34140,5965,265,1330,615,2165,23780,20,0,82000
M2P,3152,2985,1670,20,120,30,560,580,0,0,120000
M2R,16189,15365,3265,830,675,445,995,9150,5,0,78000
M3A,13705,13130,2530,1350,1205,110,1155,6760,15,0,85000
M3B,5178,4960,2990,95,205,35,165,1475,0,0,121000
M3C,17146,16250,720,365,1115,10,1780,12250,0,0,74500
M3H,15630,14765,5290,165,55,1225,2415,5585,30,0,92000
M3J,10445,9705,1285,1440,715,285,820,5160,0,5,75500
M3K,3100,2945,1395,195,80,250,985,40,0,0,88000
M3L,6700,6395,600,2500,700,270,730,1600,0,0,77500
M3M,9962,9515,2580,470,495,265,2925,2780,0,5,74000
M3N,14308,13630,995,1845,2145,405,1100,7140,5,0,66500
M4A,6303,6060,1235,305,370,175,1835,2125,10,0,70500
M4B,8038,7610,3245,140,140,360,1580,2145,0,0,78000
M4C,20553,19160,5205,2620,415,1110,2555,7195,60,0,83000
M4E,11581,10875,3045,2120,605,565,3620,895,25,5,112000
M4G,8622,8080,3425,810,135,50,1835,1825,5,0,130000
M4H,6419,6060,0,0,85,0,0,5975,0,0,64500
M4J,15338,14585,4240,3465,460,915,3160,2295,50,5,93000
M4K,15139,14190,2320,2435,500,660,3310,4910,55,0,84000
M4L,14789,13750,2550,3140,815,680,5550,950,60,0,101000
M4M,12249,11445,725,1925,1650,650,3540,2860,90,0,99000
M4N,6669,6225,3000,205,205,95,1030,1690,5,0,146000
M4P,16696,13975,925,395,140,65,1465,10970,15,0,74500
M4R,5989,5420,1785,445,40,130,840,2175,0,0,107000
M4S,17169,15720,1835,1405,195,175,1400,10700,5,0,88000
M4T,5619,5100,1160,190,175,185,600,2775,10,0,114000
M4V,11403,10190,1160,620,250,165,1625,6380,0,0,99000
M4W,9238,8070,1465,290,110,140,975,5095,0,0,104000
M4X,11142,9875,85,280,430,100,940,8030,15,0,58800
M4Y,26472,22735,25,30,240,25,1755,20645,15,0,62400
M5A,30508,27320,125,350,1765,250,3485,21245,100,0,71000
M5B,13071,10545,5,15,200,25,375,9905,15,0,58000
M5C,2306,1885,0,0,0,0,60,1820,0,0,89000
M5E,8246,7270,10,0,5,0,50,7205,0,0,98000
M5G,7198,5740,5,0,0,0,30,5705,0,0,67500
M5H,2355,1885,0,0,0,0,0,1880,0,0,90000
M5J,11928,10160,240,25,0,0,5,9885,0,0,94000
M5M,9726,9275,6015,760,60,295,1170,955,10,0,164000
M5N,6724,6295,2800,20,35,285,785,2370,0,0,110000
M5P,10417,9535,2385,160,80,310,2640,3950,5,0,99000
M5R,16591,13845,730,765,580,360,3845,7510,55,0,86000
M5S,10971,9020,120,230,320,170,1595,6515,70,0,70000
M5T,10452,9015,80,200,550,240,2830,5050,65,0,61600
M5V,42449,37165,20,70,225,55,790,35990,25,0,91000
M6A,9803,9210,1485,45,1290,450,2785,3150,5,0,72500
M6B,11630,10995,3375,70,165,720,1540,5115,5,5,86000
M6C,11093,10195,3520,860,30,495,2910,2385,0,0,91000
M6E,16172,14855,5145,2155,110,1335,4525,1545,30,0,82000
M6G,14329,13030,1665,2545,820,875,5970,985,170,5,91000
M6H,21284,19265,2135,2250,1040,1695,8335,3445,365,5,83000
M6J,17027,15450,520,1060,1735,1205,5425,5115,390,0,90000
M6K,25403,22725,380,545,920,395,5200,15220,50,5,72000
M6L,7721,7320,2760,390,95,290,825,2955,5,0,74000
M6M,16883,15910,4530,805,340,690,3270,6265,10,0,71500
M6N,16981,15955,3895,2960,830,865,3305,4075,25,0,75500
M6P,20750,19015,2110,1540,565,805,5865,8105,25,0,86000
M6R,9255,8480,1370,1245,280,690,3955,905,20,10,104000
M6S,15343,14515,5250,1530,340,510,2670,4210,10,0,108000
M7A,5,0,0,0,0,0,0,0,0,0,
M8V,24434,22830,3370,390,715,470,4880,13000,5,0,79000
M8W,9994,9405,4165,650,175,510,2290,1605,10,0,95000
M8X,4814,4580,2105,5,65,25,550,1820,0,0,139000
M8Y,10533,9985,3355,90,530,195,2915,2895,5,0,91000
M8Z,7784,7460,4125,205,700,280,395,1750,5,0,111000
M9A,16604,15710,5000,170,265,60,1040,9170,5,0,93000
M9B,13246,12700,6785,55,435,215,560,4640,15,0,108000
M9C,15834,15315,5400,455,915,175,215,8125,20,0,95000
M9L,4082,3775,530,1740,85,90,715,610,0,0,81000
M9M,8500,8165,1470,1515,650,230,1455,2845,0,0,82000
M9N,11272,10460,2695,385,280,400,1205,5495,5,0,69500
M9P,8199,7900,3570,135,335,265,270,3325,0,0,91000
M9R,12898,12415,3935,590,475,325,145,6945,0,0,82000
M9V,17463,16650,4630,620,2065,1900,735,6700,5,0,82000
M9W,14820,14170,5295,235,1295,1750,1045,4545,5,5,85000
N0A,14737,13055,11180,320,625,215,630,5,15,75,88000
N0B,31269,30135,25605,1200,1000,420,1475,45,120,275,120000
N0C,8191,6655,6140,35,75,35,260,0,10,105,85000
N0E,15375,13740,12705,170,290,130,355,5,25,65,92000
N0G,35896,32740,27125,830,1075,305,2850,5,160,395,83000
N0H,34400,23285,20030,430,1005,205,1400,35,55,115,86000
N0J,12005,11515,10400,210,85,85,425,20,15,275,97000
N0K,9419,9060,7945,205,145,40,565,5,20,120,90000
N0L,19408,18790,16900,195,345,165,740,20,50,365,100000
N0M,32011,27635,23625,535,905,195,1800,15,85,480,91000
N0N,18752,16930,15120,145,565,85,870,40,100,5,96000
N0P,23162,21265,18995,235,520,255,1105,5,45,105,80000
N0R,19287,18135,16950,250,445,85,310,0,15,75,107000
N1A,5563,4995,3970,200,140,175,505,0,0,0,77500
N1C,1237,1225,1010,5,115,85,0,0,0,0,153000
N1E,18055,17505,9885,1160,2230,1185,2170,860,15,0,96000
N1G,12853,11515,6305,375,2160,905,1020,750,0,0,98000
N1H,18802,18045,6965,665,1660,900,3315,4525,25,0,77000
N1K,3787,3675,2085,160,560,300,210,360,0,0,110000
N1L,6722,6175,2855,130,1885,260,1030,15,0,0,114000
N1M,7546,7220,4820,315,555,120,1215,110,15,75,95000
N1P,2526,2510,1915,190,235,30,125,0,0,5,118000
N1R,18081,17335,7950,1570,2230,800,3070,1660,45,10,77000
N1S,8187,7920,4995,350,665,255,1175,445,15,5,95000
N1T,5647,5580,3770,405,1225,85,40,55,5,0,124000
N2A,12178,11830,6205,840,1860,305,1645,980,5,0,96000
N2B,7329,7150,4070,285,420,140,1260,975,0,0,81000
N2C,7494,7280,1730,215,995,130,1230,2980,5,0,70000
N2E,14544,14235,6800,1560,2945,280,1315,1305,5,10,93000
N2G,8284,7800,1750,120,290,405,2050,3170,15,0,62400
N2H,11453,10785,4610,135,250,825,2560,2370,25,0,73500
N2J,10672,9475,3320,295,585,270,1510,3305,10,175,74500
N2K,10815,10575,7180,650,1345,190,805,405,0,0,120000
N2L,19681,16195,4700,405,1480,525,2665,6415,5,0,69500
N2M,16113,15510,5535,895,1930,480,4075,2580,5,0,71500
N2N,9145,9010,6425,790,950,260,475,115,0,0,108000
N2P,8848,8475,5055,280,1775,205,315,845,0,0,110000
N2R,5835,5675,3690,190,1420,65,280,15,15,0,116000
N2T,7109,6990,5225,320,1285,60,70,35,0,0,127000
N2V,6360,6260,4530,595,755,60,150,170,0,0,126000
N2Z,6608,5235,4260,140,350,55,395,0,30,10,103000
N3A,6395,6295,4810,650,255,70,495,0,5,5,111000
N3B,4824,4745,3260,570,260,75,565,0,10,0,107000
N3C,9657,9460,6790,690,715,290,780,170,5,15,114000
N3E,839,790,470,5,255,35,30,0,0,0,121000
N3H,10220,9755,5000,545,1090,260,1950,805,100,0,82000
N3L,6741,6530,4305,860,635,90,550,70,15,0,102000
N3P,3209,3175,1915,465,290,5,5,485,0,0,92000
N3R,15069,14720,9540,540,1580,250,1125,1670,15,5,83000
N3S,12070,11500,6435,475,1255,875,1785,640,30,0,68500
N3T,14602,13915,9035,390,845,460,1450,1680,35,15,86000
N3V,572,570,460,95,0,10,5,0,0,0,109000
N3W,5731,5580,4710,220,205,65,325,50,5,0,111000
N3Y,10382,9920,7275,395,415,380,1015,385,50,10,77500
N4B,3459,3340,2685,95,85,50,305,0,15,100,78000
N4G,9509,9210,6515,290,505,210,1145,500,30,15,75000
N4K,13555,12875,7740,420,745,290,2750,735,25,165,69500
N4L,4293,3720,2865,65,250,35,500,0,10,0,74500
N4N,4849,4395,3120,120,260,155,590,130,5,5,73000
N4S,14516,13970,8815,1060,965,355,1990,765,25,0,78000
N4T,5543,5435,3180,365,1055,40,110,685,0,0,98000
N4V,1360,1310,640,30,195,5,210,230,0,0,87000
N4W,5221,5050,3330,270,300,100,925,0,15,120,84000
N4X,4195,4065,3080,300,190,50,390,35,10,5,89000
N4Z,911,900,435,235,210,5,20,0,0,0,95000
N5A,15203,14550,8045,1320,725,675,2935,815,30,5,77000
N5C,6382,6195,4610,405,385,80,635,70,5,5,89000
N5H,5763,5525,4410,170,210,90,535,45,45,20,83000
N5L,2003,1695,1435,35,125,20,75,0,5,0,89000
N5P,8962,8650,5940,275,320,260,1295,550,10,0,77500
N5R,12933,12635,8910,1075,410,350,1650,225,10,0,80000
N5V,13236,12635,6655,1055,2525,185,1530,670,10,0,74500
N5W,12388,11585,6500,240,700,835,2285,985,40,0,64500
N5X,13738,13210,9080,85,1935,80,450,1585,0,0,103000
N5Y,16194,15290,6205,485,1785,610,1715,4475,20,0,63600
N5Z,11008,10535,5280,740,1470,445,1730,870,5,0,64500
N6A,9768,7355,1425,60,50,380,1350,4050,40,0,61200
N6B,7181,6485,855,225,115,340,2165,2755,15,5,49200
N6C,14812,14160,6790,565,1470,600,2205,2520,15,0,75500
N6E,10366,10105,4670,1065,2095,55,740,1475,0,0,75000
N6G,20315,18425,10860,805,3645,260,890,1960,0,5,96000
N6H,20694,19240,7680,180,1805,330,705,8545,5,0,71000
N6J,13174,12755,4555,275,2320,215,1045,4200,10,140,65000
N6K,15303,14940,8660,95,2600,60,870,2645,5,0,100000
N6L,1699,1575,945,0,430,5,5,190,0,0,103000
N6M,2822,2745,2255,40,320,10,50,60,0,0,109000
N6N,299,285,265,5,0,5,5,0,0,0,95000
N6P,4081,3970,3230,20,35,60,60,565,0,0,119000
N7A,6687,5680,4125,180,180,90,795,0,25,285,74000
N7G,8072,7875,5400,620,335,85,1240,0,5,190,85000
N7L,11583,11185,6930,545,465,170,2015,1040,10,15,68500
N7M,11361,10845,7755,495,360,260,1530,365,10,70,71000
N7S,11643,11285,8200,910,1050,70,520,515,15,0,93000
N7T,13973,12910,6595,380,625,670,2110,2485,40,5,58400
N7V,5713,5515,4270,10,75,35,155,920,5,40,83000
N7W,1316,1300,1200,20,35,0,20,20,0,0,81000
N7X,483,465,460,0,0,0,0,0,0,0,142000
N8A,5765,5485,4290,205,225,80,535,125,15,10,64500
N8H,10486,9870,6150,870,800,280,1010,735,10,10,78000
N8M,4755,4625,3585,30,205,45,320,60,5,370,88000
N8N,9580,9405,7335,660,480,70,145,510,0,205,108000
N8P,5536,5460,3265,490,1570,5,45,85,0,0,100000
N8R,4455,4390,3020,845,215,10,165,135,0,0,92000
N8S,10830,10475,6465,130,295,95,1010,2475,5,0,72500
N8T,8046,7770,3675,150,1830,60,1200,845,5,0,60800
N8W,10072,9760,8570,370,160,245,350,60,10,0,80000
N8X,7796,7300,4235,195,115,835,1135,780,10,0,60000
N8Y,9686,9135,4790,195,570,610,1330,1595,30,0,62800
N9A,14264,12565,3260,340,140,1470,2735,4600,25,5,45200
N9B,8223,7350,4170,585,285,365,1365,570,5,5,59600
N9C,5838,5350,2650,80,380,185,1105,940,5,0,54000
N9E,7779,7580,6880,160,235,45,250,0,5,0,103000
N9G,6728,6605,5400,655,305,20,60,165,0,0,111000
N9H,4737,4585,3510,550,80,10,290,135,0,0,117000
N9J,7389,7260,6400,325,215,35,200,80,5,0,119000
N9K,862,850,820,0,35,0,0,0,0,0,136000
N9V,8790,8505,6965,280,365,85,455,335,10,5,97000
N9Y,6522,6210,4875,320,505,65,385,0,5,45,90000
P0A,14748,8200,7570,65,45,80,310,5,30,95,68000
P0B,8951,4165,3975,25,25,70,45,0,10,10,90000
P0C,6930,2210,2150,10,0,5,40,0,5,5,78500
P0E,3164,1575,1480,10,10,20,10,0,0,50,83000
P0G,4048,1690,1610,10,0,15,25,0,5,25,72000
P0H,17044,13305,11950,235,145,205,540,10,30,210,80000
P0J,9704,8725,7270,115,70,215,880,45,45,85,72500
P0K,6383,5140,4370,160,75,95,350,10,15,65,75000
P0L,10591,9155,6795,550,265,280,980,0,10,275,77500
P0M,24862,21260,16805,860,600,615,1975,100,35,260,86000
P0N,4472,4005,3175,65,50,365,285,60,0,5,90000
P0P,12782,8820,7750,160,410,110,330,0,25,35,64000
P0R,8224,5785,5175,95,40,130,295,0,10,40,68500
P0S,6839,4500,4130,65,55,25,155,5,5,60,85000
P0T,17869,13595,12060,245,245,95,695,5,35,215,77000
P0V,9106,7320,6275,275,200,55,245,30,20,220,71500
P0W,3903,2535,2300,30,35,15,75,0,15,75,76500
P0X,7414,3365,2930,40,85,40,90,0,0,180,75500
P0Y,226,55,50,0,0,0,0,0,0,0,
P1A,7785,7430,3265,910,1385,225,1035,595,15,0,74000
P1B,16526,15245,7580,1100,595,1315,3060,1485,50,65,66000
P1C,1197,1175,1090,30,25,20,10,0,0,0,153000
P1H,10316,7695,6010,85,160,300,985,70,50,40,82000
P1L,9535,7520,5755,215,395,215,705,130,95,10,86000
P1P,6921,4605,3505,70,170,50,580,70,30,135,72500
P2A,10034,6465,4865,140,60,195,915,190,85,10,73500
P2B,4606,4370,2860,210,120,305,810,0,30,30,66000
P2N,3943,3405,2055,60,90,155,900,110,15,5,60800
P3A,10701,10310,5815,990,855,570,1685,375,15,5,83000
P3B,8194,7585,3240,350,385,840,2015,725,25,0,66500
P3C,10143,8925,2670,280,435,1175,3530,800,40,0,54000
P3E,14139,13205,6665,345,460,745,2315,2635,10,30,85000
P3G,1807,1630,1470,5,0,20,35,0,0,110,128000
P3L,3288,3175,2395,185,120,170,310,0,5,0,102000
P3N,3121,3060,2660,30,25,195,140,0,10,0,107000
P3P,6009,5850,4820,180,90,290,255,0,0,210,109000
P3Y,3167,2995,2500,180,25,0,120,145,0,20,113000
P4N,11932,10985,6520,860,220,715,1990,455,70,150,73500
P4P,1371,1325,750,220,235,15,95,0,10,0,101000
P4R,1820,1755,1385,40,105,15,105,0,5,105,116000
P5A,6275,5840,2630,1100,600,55,880,575,0,0,50000
P5E,2704,2415,1965,75,65,60,235,0,5,5,78500
P5N,4260,3870,2420,155,65,195,915,100,10,5,69000
P6A,16498,15005,9945,610,185,600,2000,1350,80,235,78000
P6B,11032,10425,6335,575,525,255,1985,705,5,30,69000
P6C,8926,8465,6015,645,235,570,980,0,15,0,71500
P7A,14359,13260,8625,595,585,770,1835,795,25,35,78500
P7B,11110,10335,5440,540,460,790,1990,1070,40,0,70000
P7C,10098,9490,6220,710,130,455,1685,275,15,0,72500
P7E,10401,9925,6505,150,235,385,2215,405,30,10,68500
P7G,5781,5020,4655,75,25,25,165,35,0,45,117000
P7J,1877,1795,1680,5,10,5,5,0,5,95,114000
P7K,2710,2650,2340,20,40,15,20,0,0,215,118000
P7L,1163,915,905,0,0,0,0,0,0,15,94000
P8N,4597,4245,3360,150,70,55,470,0,15,115,83000
P8T,2507,2210,1475,130,75,170,255,0,0,100,103000
P9A,5176,4410,3530,65,150,35,550,0,40,35,82000
P9N,7180,6040,4630,185,70,230,650,165,20,95,83000
R0A,16437,14370,11770,470,645,75,925,5,25,460,85000
R0B,12891,10340,8135,440,495,215,280,20,10,745,73500
R0C,29544,21985,19055,405,455,70,985,80,35,905,72500
R0E,27057,16215,14725,240,165,75,480,0,25,510,78000
R0G,16500,15475,13220,365,415,35,910,30,25,465,82000
R0H,5749,5165,4605,200,80,15,80,0,10,180,72500
R0J,14933,11520,9790,190,320,65,535,140,45,430,69000
R0K,12583,10865,9045,380,335,40,575,0,20,465,78000
R0L,13160,10895,9345,170,200,30,655,0,20,480,59200
R0M,9273,7905,6895,75,120,60,410,0,10,330,70500
R1A,8807,8445,6540,135,335,10,950,310,10,150,88000
R1B,164,160,10,0,0,0,5,150,0,0,75000
R1C,1545,1505,1060,0,0,0,0,0,5,440,103000
R1N,7388,6815,5090,165,355,45,795,260,5,100,72000
R2C,12905,12655,9800,920,375,35,1335,185,0,5,89000
R2E,3418,3380,3335,0,0,0,30,5,0,0,144000
R2G,15592,15190,7740,915,685,25,2125,3695,0,5,76000
R2H,8250,7780,3300,95,70,440,2435,1405,25,0,64500
R2J,10995,10725,7245,815,420,100,1795,345,5,0,91000
R2K,14077,13735,9200,710,415,50,2460,880,10,0,77000
R2L,6611,6295,3930,250,220,430,905,540,15,0,64500
R2M,17676,16950,9700,270,960,80,2860,3035,20,20,73000
R2N,12169,11935,7835,400,590,0,2480,295,0,340,102000
R2P,10878,10565,6260,850,665,5,2345,415,25,0,93000
R2R,7646,7510,5845,780,110,20,675,70,0,0,101000
R2V,14848,14445,9780,610,490,95,2420,935,5,105,86000
R2W,12516,11295,6395,480,305,1290,1885,885,55,0,57600
R2X,6993,6730,4950,120,670,175,705,70,35,0,78500
R2Y,8598,8385,4385,640,790,0,2025,540,0,5,80000
R3A,2276,1925,450,75,85,115,530,665,5,0,42800
R3B,7190,6135,425,30,35,165,1800,3660,15,0,42000
R3C,11402,9585,420,15,10,180,3365,5585,5,0,43600
R3E,7360,6815,4525,200,55,370,1315,340,15,0,69000
R3G,11243,10540,6620,105,125,815,2115,745,10,0,72000
R3H,44,40,45,0,0,0,0,0,0,0,
R3J,13080,12575,8060,100,205,25,1915,2255,10,0,77000
R3K,5421,5325,3510,95,160,0,610,780,0,175,89000
R3L,12201,11350,3245,160,205,250,3205,4290,5,0,63600
R3M,11041,10470,5125,185,45,440,2215,2450,10,0,81000
R3N,7579,7290,4935,180,380,60,1185,545,0,0,96000
R3P,8840,8475,4295,140,315,90,2340,1290,0,0,103000
R3R,10604,10370,7410,930,465,0,1135,425,0,0,102000
R3S,194,190,185,0,0,0,0,0,0,0,157000
R3T,20702,19535,9715,545,1200,80,4285,3715,5,0,74500
R3V,2500,2435,1460,180,270,5,395,115,0,0,90000
R3W,5857,5680,3120,465,265,165,1470,190,0,0,100000
R3X,7679,7495,5985,225,450,0,770,60,0,5,131000
R3Y,11151,10650,7495,520,665,0,1320,645,0,0,112000
R4A,1826,1795,1565,0,15,20,105,20,5,70,124000
R4G,561,550,530,0,20,0,0,0,0,0,168000
R4H,964,940,800,0,25,0,55,60,0,0,136000
R4J,378,365,365,0,0,0,0,0,0,0,150000
R4K,219,215,210,0,0,0,0,0,0,5,118000
R4L,493,475,465,0,5,0,0,0,0,5,119000
R5A,1366,1345,1255,30,10,0,45,0,0,5,120000
R5G,9193,8890,5530,735,310,275,1590,250,10,195,77000
R5H,2007,1940,1195,60,225,75,180,0,5,200,77000
R5J,509,485,485,0,0,0,0,0,0,0,94000
R5K,2137,2080,1720,0,110,15,195,0,0,35,112000
R5L,841,810,780,0,10,0,0,0,0,25,105000
R5M,839,800,785,0,0,0,5,0,0,15,113000
R5N,1923,1900,1725,95,15,0,55,0,0,5,132000
R5P,284,270,215,0,0,0,50,0,0,0,82000
R5R,499,485,475,0,0,0,5,0,5,5,113000
R5T,317,310,300,0,0,0,0,0,0,5,122000
R6M,4627,4440,3090,250,335,30,465,45,5,225,73000
R6W,7191,6990,4925,435,695,25,385,310,5,215,76000
R7A,13183,12280,6700,330,1045,455,2785,675,20,260,73000
R7B,9324,8975,5270,505,475,70,2195,50,15,405,86000
R7C,1448,1335,235,75,80,0,240,0,0,700,69500
R7N,4762,4440,3380,70,150,65,450,55,0,270,64500
R8A,2696,2440,1935,5,50,130,310,0,5,5,82000
R8N,5557,4790,2415,165,440,5,1180,150,5,435,98000
R9A,2817,2600,1620,155,100,10,545,5,5,165,91000
S0A,27603,22735,20460,435,430,185,640,0,40,550,66500
S0C,11121,8820,7655,125,145,30,190,0,40,640,84000
S0E,16177,13365,11070,375,95,90,1105,145,10,465,70000
S0G,33003,26600,23800,590,475,80,625,5,70,955,81000
S0H,11473,9205,8155,245,195,50,235,0,85,240,72500
S0J,25168,17725,15390,725,295,110,405,0,85,720,71000
S0K,37514,33685,28815,1110,1200,515,1200,0,90,750,91000
S0L,14774,12255,10505,225,200,60,625,15,45,575,83000
S0M,23520,17385,14785,730,275,110,330,15,40,1105,71000
S0N,10151,8070,7290,80,100,20,240,0,30,310,72500
S0P,2104,1795,1465,110,40,0,25,0,5,145,80000
S2V,505,355,345,5,0,0,0,0,0,0,128000
S3N,8537,7910,5825,275,230,55,1345,0,0,175,78000
S4A,5770,4985,3395,150,160,75,930,45,5,225,97000
S4H,5509,5020,3415,140,105,50,1060,115,5,130,82000
S4K,49,35,30,0,0,0,0,0,0,5,
S4L,1884,1850,1765,15,20,0,5,0,0,50,164000
S4N,12993,12140,8745,610,800,605,1080,150,10,140,82000
S4P,8233,6910,1675,85,405,165,2350,2170,10,50,51200
S4R,14878,13950,9825,435,445,365,2530,330,5,20,81000
S4S,15091,14290,8585,100,840,155,3705,895,5,0,89000
S4T,15314,13575,9795,375,395,480,2355,170,0,0,71500
S4V,13228,12725,8195,485,1140,135,2630,145,0,0,119000
S4W,5941,5455,2345,180,825,210,1515,380,0,0,97000
S4X,11444,11145,7740,330,1140,65,1770,100,0,0,109000
S4Y,2033,1980,1725,25,30,25,120,45,0,0,139000
S4Z,707,650,125,20,5,0,500,0,0,0,84000
S6H,13539,12290,9035,295,300,355,1610,635,50,20,71000
S6J,2546,2375,1320,35,105,0,625,5,30,250,88000
S6K,483,465,440,20,0,5,0,0,0,0,127000
S6V,17131,15800,10740,375,460,305,3075,590,10,240,75500
S6W,166,145,40,25,10,0,40,30,0,0,81000
S6X,778,765,615,85,30,0,25,0,0,0,154000
S7A,44,45,40,0,0,0,0,0,0,0,
S7B,217,210,10,0,0,0,0,0,0,200,75000
S7C,467,390,390,0,0,0,0,0,0,0,153000
S7H,17436,16170,7785,760,805,1180,5365,165,5,110,76000
S7J,13436,12825,8090,595,355,580,2695,505,5,0,87000
S7K,18371,17110,9035,680,505,435,3435,2945,10,65,83000
S7L,16917,15430,11045,535,465,1205,2160,20,5,5,80000
S7M,14577,13020,6440,565,345,830,4555,245,15,25,69000
S7N,12398,11380,5515,535,925,725,2820,630,5,225,84000
S7P,65,60,60,0,0,0,0,0,0,0,
S7R,2968,2825,1860,45,515,235,165,0,0,0,112000
S7S,2338,2235,1315,0,250,5,660,0,0,0,107000
S7T,6930,6440,3240,120,1120,240,1550,175,0,0,105000
S7V,6471,6125,3455,160,1180,415,910,0,0,0,112000
S7W,7168,6640,3570,5,990,690,1350,35,0,0,115000
S9A,6750,6075,4270,190,235,100,1025,150,35,70,75000
S9H,8611,7895,5310,395,365,165,1285,105,10,265,80000
S9V,6099,5405,3440,105,760,45,810,65,0,180,90000
S9X,3095,2850,2100,180,175,70,160,0,10,155,88000
T0A,27641,22165,18455,480,390,160,805,5,30,1835,88000
T0B,28586,24590,21450,290,295,120,380,10,135,1920,83000
T0C,29839,24010,20105,315,435,80,570,5,45,2460,80000
T0E,21807,16110,12495,285,480,85,740,0,35,1990,86000
T0G,18790,14995,10925,280,420,65,600,0,20,2685,85000
T0H,32729,28180,22170,470,750,150,760,5,55,3815,89000
T0J,20564,18210,15640,470,295,75,690,5,45,1000,83000
T0K,21924,19075,16910,320,370,215,335,5,70,855,81000
T0L,21062,18865,15775,750,505,210,670,20,35,910,84000
T0M,29058,26065,20200,1030,850,120,660,5,70,3125,86000
T0P,1470,1125,860,55,35,15,35,0,0,120,82000
T1A,12341,11440,7025,385,600,430,2430,135,25,410,65500
T1B,13781,13285,9255,860,935,40,1755,0,0,435,91000
T1C,4147,3965,2375,310,190,15,910,95,0,65,92000
T1G,4101,3960,2985,205,75,120,425,0,5,150,84000
T1H,12017,11430,7400,925,765,895,1200,0,5,235,76500
T1J,11692,10735,5920,545,780,1050,1845,495,5,100,81000
T1K,20198,19005,12730,1030,940,1100,2400,330,0,465,88000
T1L,2875,2570,290,225,285,495,1250,0,20,0,88000
T1M,3712,3615,2875,125,120,40,160,0,5,290,92000
T1P,6817,6505,4115,700,560,60,735,0,0,335,93000
T1R,6340,5965,3435,400,565,185,795,0,0,585,93000
T1S,15604,15110,12585,635,650,120,960,0,10,155,126000
T1V,6505,6310,3445,1035,715,100,720,0,5,295,84000
T1W,9845,7235,2895,575,1380,400,1710,255,10,10,106000
T1X,8037,7790,6265,620,675,15,200,0,0,15,131000
T1Y,18409,17210,10420,1745,2065,1315,1365,5,0,295,85000
T1Z,822,775,755,0,0,5,0,0,0,10,133000
T2A,22555,21005,9215,1235,3100,2845,3745,125,0,755,75000
T2B,9835,9235,4800,710,935,925,1810,0,5,55,72500
T2C,8525,8230,5215,480,730,575,1080,5,0,140,94000
T2E,19054,17545,4945,1160,1405,2350,6210,1465,10,0,77500
T2G,10983,9420,1335,200,520,410,1275,5670,5,0,70500
T2H,4592,4295,1925,120,190,105,1215,745,0,0,68500
T2J,17613,17105,12530,510,1605,130,2095,195,5,35,103000
T2K,15319,14530,7295,1460,2045,1305,2195,230,0,0,80000
T2L,6689,6140,3795,90,610,180,820,650,0,0,86000
T2M,9760,8990,3725,1445,210,1690,1785,120,10,0,92000
T2N,13130,11865,4235,1055,500,840,3805,1415,20,0,94000
T2P,9867,8260,125,5,95,0,215,7820,0,5,67000
T2R,13181,11615,30,5,175,10,1550,9840,5,0,72500
T2S,8747,7965,2140,190,170,315,2945,2200,0,0,88000
T2T,16539,15130,4265,1535,960,1060,6405,840,60,0,93000
T2V,15618,14795,6820,635,1240,280,3530,2275,0,5,85000
T2W,16823,16325,10265,1210,2830,170,1840,5,0,5,95000
T2X,19797,19310,12930,1695,1955,175,2555,0,0,0,116000
T2Y,21448,20945,15050,950,1380,215,3325,15,0,5,108000
T2Z,25217,24720,18135,1085,2820,60,2615,5,0,5,118000
T3A,19432,18800,13450,955,1765,145,1740,735,0,0,110000
T3B,17084,15965,8740,1325,1975,635,2150,660,5,480,96000
T3C,12822,11670,3135,545,465,870,3760,2890,5,0,75000
T3E,19562,18440,7095,1745,3330,1200,4140,880,50,0,90000
T3G,21032,20585,14915,840,2080,155,2440,145,5,0,112000
T3H,26491,25550,17270,1830,2985,20,2615,825,0,0,139000
T3J,22350,21115,14605,1090,1600,2375,1450,0,0,0,98000
T3K,27820,27115,19305,2090,2675,275,2770,0,0,0,103000
T3L,10546,10275,8860,405,495,15,490,5,0,0,143000
T3M,20745,19895,12530,1675,1755,110,3715,125,0,0,126000
T3N,10566,9985,4610,850,1395,315,2795,15,0,0,99000
T3P,8992,8690,6540,665,1060,35,120,275,0,5,122000
T3R,11849,11440,7585,215,1740,50,1320,530,0,0,118000
T3S,121,115,115,0,0,0,0,0,0,0,90000
T3Z,3730,3565,3270,260,0,5,10,0,0,15,216000
T4A,7439,7190,5485,185,495,20,850,0,0,150,112000
T4B,21015,20465,13030,1430,3335,75,2415,45,70,65,110000
T4C,14724,13970,9070,1745,1800,110,1215,0,5,15,115000
T4E,2091,1940,1635,5,10,5,65,0,0,225,104000
T4G,6073,5125,3470,290,255,55,530,0,5,520,82000
T4H,5163,4795,3245,370,190,165,525,0,15,280,86000
T4J,4758,4465,3350,165,85,120,500,0,5,235,85000
T4L,7055,6600,4580,470,255,120,705,0,15,455,91000
T4M,2851,2740,2005,145,365,45,140,0,5,35,110000
T4N,15796,14235,5785,650,1205,960,4925,590,30,85,64500
T4P,13583,12855,6735,1410,1655,315,1955,0,0,795,88000
T4R,14372,13755,9280,1215,1215,220,1645,5,0,170,105000
T4S,9284,8150,5625,420,885,245,560,140,5,265,96000
T4T,5549,5130,3580,325,95,40,365,0,10,720,82000
T4V,9281,8670,5590,565,455,200,1605,60,10,190,78000
T4X,9122,8790,7275,465,445,20,460,0,0,125,131000
T5A,14270,13360,5395,755,3385,125,3530,165,0,5,79500
T5B,8185,7120,3440,405,100,695,2340,130,0,0,64000
T5C,6558,6100,3850,270,460,170,1280,65,0,0,76000
T5E,13556,12635,6590,1055,1990,590,2275,130,0,5,79000
T5G,6855,5815,2800,185,125,585,2085,30,5,0,63600
T5H,16659,13800,1395,235,150,375,9390,2240,20,0,50000
T5J,5654,4010,5,0,0,0,1165,2840,0,0,67500
T5K,16632,14330,220,25,190,20,3660,10220,0,0,64500
T5L,7206,6635,4385,330,685,475,755,0,5,5,82000
T5M,7919,7125,2730,285,260,295,3020,525,5,0,67000
T5N,8006,7165,3200,130,65,115,1900,1740,5,0,86000
T5P,10341,9250,3865,580,290,440,3900,170,0,0,64000
T5R,10373,9845,6735,75,455,240,1730,620,0,0,96000
T5S,3017,2920,1615,675,175,25,95,5,0,330,115000
T5T,30147,28885,14365,2195,5185,60,6040,1025,0,5,96000
T5V,62,60,55,0,0,0,0,0,0,0,
T5W,9056,8330,5500,285,940,280,1330,0,5,0,76500
T5X,16015,15345,8625,1535,2585,80,2515,0,0,0,91000
T5Y,19752,18775,10110,1690,1830,90,4195,200,0,650,100000
T5Z,12095,11655,8115,780,970,20,1770,0,5,0,109000
T6A,6772,6315,4120,110,235,685,945,215,0,0,95000
T6B,4284,4055,2830,200,5,180,830,0,5,20,92000
T6C,10541,9675,5065,310,335,935,2080,940,5,0,82000
T6E,14444,12540,3100,145,260,1280,5705,2040,5,5,67500
T6G,6474,5325,1905,60,40,730,805,1785,0,0,75000
T6H,13289,11960,5370,290,1535,650,2905,1205,5,0,86000
T6J,19657,18430,9225,630,2200,70,4880,1420,0,0,90000
T6K,10871,10235,5150,540,2795,195,1365,100,0,90,84000
T6L,18756,17870,10925,775,2730,430,2730,255,0,0,90000
T6M,12285,11830,8260,1375,1020,70,650,445,0,10,125000
T6N,12,0,0,0,0,0,0,0,0,0,
T6P,867,825,20,0,0,0,0,0,0,800,67500
T6R,16866,16140,10335,1590,1690,15,2455,55,0,0,129000
T6S,6,0,0,0,0,0,0,0,0,0,
T6T,14583,14085,8700,2235,850,100,2195,0,0,0,110000
T6V,7492,7235,4735,505,505,0,1495,0,0,0,110000
T6W,32278,30350,14960,4925,2265,40,7350,805,0,5,111000
T6X,17019,16320,8800,2955,2555,65,1905,15,15,5,116000
T6Y,102,95,80,0,0,0,5,0,0,5,
T7A,4934,4490,3000,195,60,55,485,0,5,695,92000
T7E,6005,5400,3575,70,170,40,595,0,20,935,102000
T7N,3107,2920,2260,135,120,25,220,0,0,160,74000
T7P,3306,2985,2230,85,55,45,340,0,0,220,69000
T7S,5044,4575,2580,305,140,90,610,0,0,855,103000
T7V,4597,4190,2400,215,390,35,570,0,0,585,105000
T7X,18350,17730,11620,1855,845,60,2245,170,10,930,106000
T7Y,6363,6025,5770,60,5,10,5,0,0,180,130000
T7Z,7870,7505,4500,725,305,105,1285,180,5,400,92000
T8A,16315,15945,13735,485,830,75,570,240,0,5,121000
T8B,2654,2555,2115,55,10,5,325,0,0,50,156000
T8C,1601,1550,1520,0,5,0,0,0,0,20,141000
T8E,3046,2955,2900,0,0,0,0,0,0,50,131000
T8G,1891,1800,1740,0,0,0,0,0,0,55,124000
T8H,12161,11825,7045,1590,750,10,1605,85,0,740,119000
T8L,11748,11210,7420,1430,550,30,1750,0,0,30,113000
T8N,27014,25930,18255,1810,1865,180,3465,290,5,60,117000
T8R,6090,5735,4505,165,405,85,165,125,0,270,109000
T8S,3397,2990,1930,105,130,55,550,0,5,220,101000
T8T,2530,2380,2305,0,0,0,0,0,0,75,153000
T8V,15108,13295,6655,880,785,540,3990,160,5,280,84000
T8W,8107,7550,6190,395,105,390,125,0,0,345,130000
T8X,9164,8550,5585,545,285,295,485,0,5,1355,122000
T9A,6665,6140,3910,405,440,165,980,0,15,225,73500
T9C,3177,2865,2200,100,85,15,350,0,0,115,72500
T9E,13641,13085,8290,1140,1115,165,1580,420,10,370,100000
T9G,2788,2665,2110,165,135,5,230,0,0,15,96000
T9H,11899,9860,3650,505,1225,95,2600,675,5,1100,150000
T9J,1680,1380,485,90,320,35,450,0,0,0,182000
T9K,16052,14115,7925,580,1175,325,2565,170,0,1380,206000
T9M,7706,7000,4800,655,280,45,855,0,0,360,104000
T9N,4101,3655,2650,120,20,100,540,0,0,220,95000
T9S,3330,2630,2120,100,60,20,180,0,0,140,89000
T9V,8928,8010,5575,210,320,65,1570,35,0,230,99000
T9W,3463,3205,2275,200,180,135,245,5,5,165,89000
T9X,2579,2235,1840,20,65,50,160,0,0,100,84000
V0A,10472,7115,4655,325,475,210,810,10,15,605,84000
V0B,20712,15775,11840,385,620,230,1295,0,50,1360,82000
V0C,12878,10530,7525,120,350,45,505,5,25,1955,95000
V0E,39107,30990,24150,915,1000,545,1560,50,120,2645,73500
V0G,14266,12330,10350,175,165,115,550,10,45,925,70000
V0H,32379,26060,19105,595,1285,700,2445,45,90,1795,72500
V0J,24434,21125,16310,525,880,255,1155,5,65,1925,81000
V0K,19913,15435,12430,245,395,220,640,15,35,1460,63600
V0L,2729,2035,1775,35,40,20,0,0,15,155,56000
V0M,5617,4880,3355,160,425,55,350,5,5,530,73500
V0N,39578,31745,24090,790,1795,1415,2060,175,50,1370,77500
V0P,4590,3540,2915,65,130,60,95,0,10,265,57600
V0R,36491,31185,24960,995,735,1020,1275,25,85,2090,77500
V0S,420,180,125,5,10,0,0,0,5,30,66500
V0T,4777,3885,3230,185,90,55,130,0,20,185,62000
V0V,945,685,575,35,30,15,5,0,0,15,59600
V0W,539,290,275,0,10,0,0,0,0,5,61200
V0X,11756,9815,7260,190,330,130,380,0,35,1495,66000
V1A,4706,3990,3130,145,130,55,445,0,60,20,82000
V1B,9993,8930,6855,265,360,805,255,0,25,365,104000
V1C,11418,11015,7555,510,530,250,1295,0,45,820,84000
V1E,9327,8885,5655,235,605,710,1120,5,25,530,74500
V1G,7308,6400,4220,305,340,155,1080,0,5,295,84000
V1H,8036,6695,4915,300,215,310,305,0,10,635,84000
V1J,11169,9910,5280,1010,875,235,1695,145,10,665,104000
V1K,4276,3920,2745,220,230,65,280,0,5,375,69500
V1L,8639,7855,5015,320,260,770,1035,0,120,325,74000
V1M,11591,11270,5725,560,2190,1265,940,280,10,300,115000
V1N,6009,5665,4145,120,210,375,360,0,15,440,85000
V1P,3687,3510,2370,200,90,680,100,10,5,60,110000
V1R,5083,4800,3540,175,190,215,650,0,15,5,72000
V1S,5189,5030,3105,440,710,310,380,0,10,70,112000
V1T,14529,13855,5255,1115,1620,1100,4345,345,65,10,63600
V1V,12545,11285,5600,745,1080,1345,2290,100,10,110,92000
V1W,16616,15665,9465,510,985,910,3055,205,30,500,96000
V1X,14825,14180,5520,1090,1560,1805,3710,210,25,260,77500
V1Y,21289,19335,4780,695,1240,1965,8710,1885,55,0,70000
V1Z,7312,6545,4415,120,180,585,50,0,20,1170,97000
V2A,20112,18930,8230,695,1850,910,5075,1200,120,845,69000
V2B,17582,16865,8200,1640,935,2255,2845,0,50,945,79000
V2C,12668,11940,5345,605,1050,910,2700,855,10,475,79000
V2E,6264,6090,3350,440,1220,330,655,0,10,85,107000
V2G,8371,7755,4510,260,360,560,965,5,20,1070,82000
V2H,3142,3000,2140,105,115,120,210,0,0,305,99000
V2J,10650,9955,7010,210,290,205,1055,0,35,1155,73000
V2K,8977,8605,6360,75,200,280,80,0,20,1595,106000
V2L,5216,4660,1630,415,460,410,1360,305,10,70,60400
V2M,10807,10235,5530,565,625,960,2265,265,5,20,81000
V2N,14062,13200,9340,250,560,855,1035,5,5,1150,103000
V2P,16842,16135,7410,525,1870,560,5255,230,10,280,68500
V2R,22496,21375,12730,960,3635,1110,1915,60,25,930,91000
V2S,21544,20715,6450,390,2205,2810,8430,280,10,140,78500
V2T,20545,19540,5055,600,1500,5940,5535,790,25,95,86000
V2V,13494,12555,7875,275,765,2305,1125,80,10,115,95000
V2W,7807,7530,4935,280,980,1220,30,65,0,25,130000
V2X,20632,19955,8730,445,2820,2165,4685,940,5,170,90000
V2Y,17430,16470,4685,305,6275,2650,1185,1035,5,345,108000
V2Z,6158,5910,4150,45,140,535,45,0,10,985,105000
V3A,19798,18920,6425,340,1905,1670,8255,210,25,80,85000
V3B,24786,23865,6955,695,3200,2750,5700,4545,20,5,88000
V3C,15336,14815,5545,295,2090,2190,4320,365,0,0,102000
V3E,14563,13930,6480,615,2700,2525,880,720,0,5,113000
V3G,9296,8910,5390,405,1060,1645,400,0,0,15,121000
V3H,14946,14390,4850,435,2600,1235,3215,1895,5,150,117000
V3J,19122,18230,5515,235,1190,2285,5240,3745,5,0,86000
V3K,12603,11890,3830,640,850,2420,2680,1285,5,180,90000
V3L,14760,14220,2745,70,555,1460,4380,4985,10,5,85000
V3M,22977,21875,2255,145,1500,2205,8180,7540,30,25,80000
V3N,16270,15560,2105,560,2270,2570,4475,3570,15,0,88000
V3R,21673,20795,5775,170,2580,4135,7395,735,5,5,87000
V3S,33851,32315,12240,755,4880,10480,3620,215,30,100,114000
V3T,19589,18445,1985,215,1205,2280,5750,6990,10,5,73500
V3V,15385,14440,3795,220,1115,5960,3090,160,15,80,96000
V3W,29435,28010,5775,410,4835,7190,9015,125,30,625,94000
V3X,10041,9510,3185,110,1910,3555,685,0,10,55,115000
V3Y,7719,7475,3165,235,1375,655,1715,145,5,180,103000
V3Z,14521,13770,5375,720,4650,1380,1510,105,10,15,112000
V4A,16093,15430,9495,520,1185,865,3235,75,15,35,90000
V4B,11417,10675,2575,80,150,1870,4455,1520,15,5,73000
V4C,15940,15080,7085,320,795,5160,1390,325,10,0,108000
V4E,4065,3930,2955,20,260,570,115,0,0,0,126000
V4G,34,30,20,0,0,0,5,0,0,0,
V4K,10009,9705,5265,535,885,1010,1740,95,15,155,104000
V4L,3666,3510,1840,195,110,145,1120,95,5,0,99000
V4M,7090,6730,4360,60,95,445,1400,265,20,80,106000
V4N,28973,27605,11045,335,6890,6400,2375,380,15,160,109000
V4P,5760,5515,2290,330,1675,295,805,100,0,0,96000
V4R,5817,5625,3750,225,605,990,45,0,0,5,126000
V4S,2738,2645,2235,10,25,350,5,0,5,10,104000
V4T,14223,13335,7305,980,465,750,2385,175,5,1255,83000
V4V,7885,7165,4335,200,255,875,700,0,15,780,92000
V4W,7646,7290,4095,75,790,1340,440,0,20,535,99000
V4X,4394,4180,2990,35,40,1000,65,0,5,40,120000
V4Z,2013,1885,1730,15,40,20,50,0,0,30,111000
V5A,10445,9730,2740,155,2055,1245,1540,1990,5,0,92000
V5B,9000,8540,3155,270,395,1970,1750,990,15,0,91000
V5C,17958,16920,2975,90,330,3170,2780,7535,35,0,87000
V5E,11097,10620,2305,465,735,1670,2625,2800,10,0,78500
V5G,7673,7260,2255,680,755,1945,1545,20,60,0,96000
V5H,21163,19650,775,250,895,1395,5535,10770,30,0,66500
V5J,8860,8460,2310,395,505,2390,2665,165,30,0,87000
V5K,9735,9105,3065,70,255,3995,1580,130,10,0,92000
V5L,10855,10240,805,310,250,1380,7040,415,40,5,69500
V5M,9364,8775,2415,35,200,3965,1830,330,10,0,79500
V5N,16190,15200,2050,715,495,4495,6030,1370,45,0,82000
V5P,11935,11040,2655,50,375,5125,2725,0,110,0,83000
V5R,19741,18620,3075,80,405,7155,3575,4230,100,0,82000
V5S,13449,12730,2015,40,3650,2485,3670,870,0,0,90000
V5T,15246,14275,360,400,365,1010,9315,2800,20,0,79500
V5V,10201,9485,2150,170,220,3970,2835,95,50,0,103000
V5W,8397,7845,1680,150,90,3930,1780,160,55,0,91000
V5X,12047,11055,1730,120,230,5155,2360,1390,75,0,84000
V5Y,9795,9120,1510,220,190,1505,2370,3325,0,0,102000
V5Z,12787,12075,1245,125,550,820,6300,3010,20,0,88000
V6A,11864,10895,355,120,370,390,2860,6785,20,0,50400
V6B,20528,18555,5,0,350,15,525,17655,0,0,81000
V6C,1785,1530,5,0,60,0,0,1465,0,0,88000
V6E,18597,16965,20,5,80,40,2880,13930,15,0,66500
V6G,19683,17885,35,10,125,10,3505,14200,0,0,66000
V6H,10555,10010,700,35,495,165,6115,2475,5,15,79000
V6J,13677,12885,840,395,330,350,7535,3400,30,0,84000
V6K,14837,13980,925,735,295,1820,9085,1115,10,0,89000
V6L,4143,3905,2485,15,190,695,305,220,0,0,103000
V6M,7720,7230,2470,15,330,470,2190,1760,5,0,83000
V6N,5307,4970,3405,30,80,950,500,5,5,0,125000
V6P,14848,14085,4320,635,455,1355,5480,1785,50,0,74000
V6R,9195,8390,2770,320,85,2085,2665,455,10,0,97000
V6S,7315,6365,1885,5,50,1095,895,2435,5,0,84000
V6T,5487,4715,525,75,515,70,1920,1610,0,0,68000
V6V,3729,3550,1460,10,1615,255,170,0,0,35,108000
V6W,1213,1150,210,0,395,75,300,170,0,0,72500
V6X,18510,17410,2230,345,1950,990,4175,7715,5,0,68500
V6Y,21619,20685,2230,390,5280,385,6785,5615,5,0,67000
V6Z,12943,11800,15,0,370,5,25,11390,0,0,80000
V7A,9410,9035,4220,140,1695,1455,1515,5,5,0,90000
V7B,315,300,240,0,0,65,0,0,0,0,114000
V7C,16025,15155,6295,355,2700,1045,3050,1705,5,5,80000
V7E,14215,13785,7560,340,2310,715,2600,260,0,5,100000
V7G,4874,4695,2245,130,535,570,235,975,0,0,131000
V7H,4690,4560,2095,175,895,530,760,100,0,0,127000
V7J,7341,6965,1860,175,970,875,1710,1365,5,10,106000
V7K,4423,4285,2355,5,320,1210,385,5,0,0,143000
V7L,14524,13485,1905,600,740,2210,4610,3405,10,0,89000
V7M,12285,11630,675,290,705,690,5010,4230,5,25,80000
V7N,5796,5565,2920,10,270,1480,750,135,0,0,121000
V7P,6084,5725,1635,45,480,640,1150,1670,0,100,82000
V7R,5610,5380,3730,75,305,880,305,85,0,0,144000
V7S,4286,4010,2895,180,60,290,440,145,0,5,109000
V7T,4439,4100,1480,20,50,470,375,1695,0,15,85000
V7V,7139,6725,2965,120,55,545,670,2360,5,0,92000
V7W,3508,3275,2550,200,195,215,75,45,0,0,154000
V7Z,210,95,90,0,0,0,0,0,0,5,
V8A,9628,8770,6640,285,130,335,950,20,30,380,66500
V8B,7687,7065,2410,620,1205,510,1485,630,15,185,108000
V8C,4381,3605,2340,395,320,50,430,0,5,65,103000
V8E,9507,5475,1730,460,1430,545,1250,15,40,0,100000
V8G,8661,8000,5375,345,485,385,605,0,50,750,90000
V8J,5793,5105,2900,205,285,635,910,60,15,95,95000
V8K,6105,5120,4170,190,180,245,90,0,15,235,77500
V8L,11912,11200,6225,605,835,1380,1905,210,15,25,94000
V8M,7636,7090,3695,195,800,1100,775,25,15,485,92000
V8N,10384,9865,5545,235,625,2335,1095,5,25,0,102000
V8P,8211,7810,3950,215,380,1465,1785,10,5,0,88000
V8R,11470,10980,4340,255,200,1510,4430,225,15,0,81000
V8S,8490,8055,3810,255,95,980,2380,530,10,0,94000
V8T,11040,10385,1310,290,735,1210,5930,880,15,5,62800
V8V,18156,16895,1230,305,780,690,9290,4540,30,25,63200
V8W,5125,4130,0,0,5,15,895,3205,10,0,58000
V8X,11136,10715,3460,285,885,2145,3675,250,10,0,84000
V8Y,4234,4085,2710,110,285,675,85,220,0,0,121000
V8Z,13046,12605,5360,320,1630,3250,1965,60,15,5,95000
V9A,20739,19755,4355,970,1470,2215,7610,2815,20,305,75500
V9B,23436,22370,8235,1085,1710,4525,4540,1480,80,710,92000
V9C,10895,10465,5750,785,550,2500,655,165,20,40,109000
V9E,2187,2105,1720,25,0,280,35,0,5,35,117000
V9G,7150,6745,5110,270,240,215,400,0,40,475,81000
V9H,4262,4085,3410,255,55,70,10,0,5,290,95000
V9J,4087,3825,3460,60,10,40,25,0,0,225,88000
V9K,8530,7635,6265,280,225,110,410,0,10,335,75500
V9L,15935,15140,9510,835,1030,795,2420,0,75,470,76000
V9M,8389,8060,5545,635,530,120,820,0,5,405,83000
V9N,15374,14850,8250,1930,965,480,2700,40,45,435,74000
V9P,13858,13095,9375,665,1025,210,1070,105,25,630,76000
V9R,14937,14040,6560,445,740,2730,2430,655,40,440,67500
V9S,8800,8485,3250,250,480,805,3105,565,25,5,64500
V9T,16015,15400,8980,1105,535,2005,1925,165,25,665,84000
V9V,4762,4620,3015,290,210,330,765,5,0,0,90000
V9W,14293,13655,7830,590,1020,670,2835,0,5,700,74000
V9X,4577,4390,3645,90,5,360,25,0,10,255,94000
V9Y,12975,11970,8710,305,520,435,1315,145,15,530,67000
V9Z,8841,8265,5670,505,335,845,415,20,15,470,89000
X0A,6573,5530,2140,590,1600,20,1070,100,5,5,123000
X0B,1958,1680,760,135,690,15,75,0,0,0,103000
X0C,3189,2715,1375,235,735,155,200,10,5,0,114000
X0E,9021,7305,4950,850,730,65,560,0,90,65,109000
X0G,209,170,145,15,0,0,10,0,5,0,67500
X1A,8373,7730,3510,205,900,310,1945,300,20,545,147000
Y0A,1023,770,610,40,15,10,35,0,10,55,73500
Y0B,5066,3640,3035,175,80,40,120,0,25,170,77000
Y1A,13521,12770,6715,1050,1155,650,1830,60,85,1225,110000
